,country_txt,region_txt,latitude,longitude,doubtterr,multiple,success,suicide,attacktype1_txt,targtype1_txt,natlty1_txt,nperpcap,weaptype1_txt,nkill,nkillter,nwound,INT_LOG
8859,Iraq,Middle East & North Africa,33.801337,42.544166,0,0.0,0,1,Bombing/Explosion,Unknown,Iraq,0,Explosives,3,3.0,0.0,0
2196,Iraq,Middle East & North Africa,34.266661,42.528929,0,1.0,1,0,Bombing/Explosion,Private Citizens & Property,Iraq,0,Explosives,1,0.0,0.0,0
3482,Thailand,Southeast Asia,6.129658,101.734647,1,0.0,1,0,Bombing/Explosion,Military,Thailand,0,Explosives,6,0.0,0.0,-9
671,United Kingdom,Western Europe,55.011562,-7.312045,0,0.0,1,0,Bombing/Explosion,Private Citizens & Property,Northern Ireland,0,Explosives,0,0.0,0.0,-9
610,Kenya,Sub-Saharan Africa,3.938715,41.844707,0,0.0,1,0,Bombing/Explosion,Business,Kenya,0,Explosives,1,0.0,0.0,1
875,Afghanistan,South Asia,33.976122,69.682588,0,0.0,1,0,Hostage Taking (Kidnapping),Private Citizens & Property,Afghanistan,0,Firearms,0,0.0,0.0,0
5526,Nigeria,Sub-Saharan Africa,11.840929,13.141459,0,1.0,1,1,Bombing/Explosion,Private Citizens & Property,Nigeria,0,Explosives,5,1.0,6.0,0
4437,United Kingdom,Western Europe,53.360579,-2.830191,0,0.0,1,0,Facility/Infrastructure Attack,Business,Great Britain,0,Incendiary,0,0.0,0.0,-9
388,Afghanistan,South Asia,33.336913,69.918208,1,0.0,1,0,Bombing/Explosion,Military,Afghanistan,0,Explosives,3,0.0,1.0,0
4666,Iraq,Middle East & North Africa,33.349159,43.784199,0,0.0,0,0,Bombing/Explosion,Unknown,Iraq,1,Explosives,0,0.0,0.0,-9
8158,Nigeria,Sub-Saharan Africa,11.565604,12.950002,0,0.0,1,1,Bombing/Explosion,Private Citizens & Property,Nigeria,0,Explosives,13,3.0,46.0,0
4456,Philippines,Southeast Asia,7.064015,125.087258,0,1.0,1,0,Bombing/Explosion,Police,Philippines,0,Explosives,0,0.0,3.0,0
4992,Afghanistan,South Asia,30.622013,64.031136,0,0.0,0,0,Assassination,Police,Afghanistan,0,Explosives,0,0.0,3.0,0
8003,Myanmar,Southeast Asia,22.618211,97.294659,1,0.0,1,0,Bombing/Explosion,Military,Myanmar,0,Explosives,0,0.0,0.0,-9
9729,Afghanistan,South Asia,34.516895,69.147011,0,0.0,1,1,Bombing/Explosion,Police,Afghanistan,0,Explosives,15,1.0,18.0,0
6981,Iraq,Middle East & North Africa,33.440228,38.943455,1,0.0,1,0,Unknown,Military,Iraq,0,Unknown,20,11.0,23.0,0
4768,Afghanistan,South Asia,36.705776,68.87706,0,0.0,1,0,Bombing/Explosion,Police,Afghanistan,0,Explosives,0,0.0,4.0,0
1461,Afghanistan,South Asia,35.736111,65.356944,0,0.0,1,0,Assassination,Private Citizens & Property,Afghanistan,0,Unknown,1,0.0,0.0,0
8674,Iraq,Middle East & North Africa,33.303566,44.371773,0,0.0,1,0,Bombing/Explosion,Private Citizens & Property,Iraq,0,Explosives,0,0.0,2.0,-9
959,Egypt,Middle East & North Africa,31.117753,34.080634,0,0.0,0,0,Bombing/Explosion,Unknown,Egypt,0,Explosives,0,0.0,0.0,-9
5417,India,South Asia,26.735942,94.81989,1,0.0,0,0,Armed Assault,Military,India,0,Firearms,0,0.0,0.0,0
6401,Iraq,Middle East & North Africa,33.540672,44.251266,0,0.0,1,0,Bombing/Explosion,Private Citizens & Property,Iraq,0,Explosives,0,0.0,3.0,0
2650,Iraq,Middle East & North Africa,36.354145,43.14357,0,1.0,1,0,Bombing/Explosion,Private Citizens & Property,Iraq,0,Explosives,3,0.0,4.0,0
3049,Iraq,Middle East & North Africa,31.98958,44.923775,0,0.0,1,0,Bombing/Explosion,Private Citizens & Property,Iraq,0,Explosives,0,0.0,0.0,-9
421,Afghanistan,South Asia,36.122909,65.42349,0,1.0,1,0,Armed Assault,Military,Afghanistan,0,Explosives,1,0.0,0.0,0
10763,Egypt,Middle East & North Africa,31.126646,33.800865,1,0.0,0,0,Armed Assault,Military,Egypt,0,Firearms,0,0.0,1.0,-9
3619,Egypt,Middle East & North Africa,31.126646,33.800865,0,0.0,1,0,Bombing/Explosion,Food or Water Supply,Egypt,0,Explosives,0,0.0,3.0,0
1892,Iraq,Middle East & North Africa,34.466954,44.424649,0,0.0,1,0,Bombing/Explosion,Private Citizens & Property,Iraq,0,Explosives,0,0.0,0.0,0
6269,Egypt,Middle East & North Africa,31.126646,33.800865,0,1.0,1,0,Bombing/Explosion,Police,Egypt,0,Explosives,2,0.0,3.0,0
5499,Afghanistan,South Asia,32.480517,62.027764,1,0.0,0,0,Unknown,Military,Afghanistan,0,Unknown,6,6.0,9.0,0
225,Mali,Sub-Saharan Africa,16.598013,-3.392022,1,0.0,1,0,Bombing/Explosion,Military,Mali,0,Explosives,1,0.0,4.0,-9
1026,Somalia,Sub-Saharan Africa,0.070633,42.749722,0,0.0,1,0,Hostage Taking (Kidnapping),Private Citizens & Property,Somalia,0,Melee,4,0.0,0.0,0
9547,Somalia,Sub-Saharan Africa,2.059819,45.326115,0,0.0,1,0,Bombing/Explosion,Military,Somalia,0,Explosives,0,0.0,3.0,-9
5339,India,South Asia,26.897933,88.474105,0,1.0,1,0,Armed Assault,Private Citizens & Property,India,0,Incendiary,0,0.0,5.0,0
1590,India,South Asia,33.30449,75.773123,0,0.0,0,0,Bombing/Explosion,Unknown,India,0,Explosives,0,0.0,0.0,-9
5484,Philippines,Southeast Asia,14.530948,121.004257,0,0.0,0,0,Assassination,Government (General),Philippines,0,Firearms,0,0.0,2.0,-9
10670,Afghanistan,South Asia,31.621808,65.053717,0,0.0,1,1,Bombing/Explosion,Police,Afghanistan,0,Explosives,7,1.0,5.0,0
8929,Philippines,Southeast Asia,6.06132,124.470025,0,0.0,1,0,Bombing/Explosion,Unknown,Philippines,0,Explosives,0,0.0,0.0,0
5400,Syria,Middle East & North Africa,35.928802,36.631451,0,0.0,1,1,Bombing/Explosion,Military,Syria,0,Explosives,4,1.0,3.0,0
6632,United Kingdom,Western Europe,54.967388,-5.960228,0,0.0,1,0,Facility/Infrastructure Attack,Private Citizens & Property,Northern Ireland,0,Incendiary,0,0.0,0.0,0
1372,Syria,Middle East & North Africa,36.585438,37.046921,0,0.0,0,0,Armed Assault,Private Citizens & Property,Syria,0,Firearms,0,0.0,0.0,0
4152,Pakistan,South Asia,34.218576,71.554591,0,0.0,0,0,Armed Assault,Police,Pakistan,0,Firearms,0,0.0,0.0,-9
3253,Afghanistan,South Asia,31.908191,67.158049,0,1.0,0,0,Armed Assault,Police,Afghanistan,0,Firearms,0,0.0,0.0,0
166,France,Western Europe,45.441025,4.384553,0,0.0,1,0,Facility/Infrastructure Attack,Religious Figures/Institutions,France,0,Incendiary,0,0.0,0.0,-9
2384,Yemen,Middle East & North Africa,13.693253,44.726623,0,0.0,0,0,Assassination,Government (General),Yemen,0,Firearms,0,0.0,2.0,-9
10635,Libya,Middle East & North Africa,31.197586,16.586681,0,0.0,0,0,Armed Assault,Private Citizens & Property,Libya,0,Firearms,0,0.0,0.0,0
8350,Iraq,Middle East & North Africa,34.010471,44.148235,0,0.0,1,0,Bombing/Explosion,Business,Iraq,0,Explosives,0,0.0,3.0,0
8632,Iraq,Middle East & North Africa,33.303566,44.371773,0,0.0,1,0,Bombing/Explosion,Terrorists/Non-State Militia,Iraq,0,Explosives,1,0.0,0.0,-9
3358,United Kingdom,Western Europe,54.758696,-6.048524,0,0.0,1,0,Facility/Infrastructure Attack,Private Citizens & Property,Northern Ireland,0,Incendiary,0,0.0,0.0,-9
1083,Iraq,Middle East & North Africa,35.143172,44.446499,1,0.0,1,0,Armed Assault,Military,Iraq,0,Firearms,1,0.0,0.0,0
5144,Iraq,Middle East & North Africa,34.430836,44.93409,0,0.0,0,0,Bombing/Explosion,Unknown,Iraq,0,Explosives,0,0.0,0.0,-9
1333,Iraq,Middle East & North Africa,35.244621,44.275486,0,0.0,1,0,Bombing/Explosion,Private Citizens & Property,Iraq,0,Explosives,1,0.0,0.0,0
2800,Russia,Eastern Europe,46.358805,48.059935,0,0.0,1,0,Armed Assault,Police,Russia,0,Firearms,2,0.0,0.0,0
8200,France,Western Europe,45.8353,1.2625,0,0.0,1,0,Facility/Infrastructure Attack,Police,France,0,Incendiary,0,0.0,0.0,0
393,Iraq,Middle East & North Africa,36.354145,43.14357,0,1.0,1,0,Facility/Infrastructure Attack,Private Citizens & Property,Iraq,0,Incendiary,0,0.0,0.0,0
4798,Democratic Republic of the Congo,Sub-Saharan Africa,-0.878007,29.57062,1,0.0,0,0,Unknown,Military,Democratic Republic of the Congo,0,Unknown,0,0.0,0.0,0
3351,Turkey,Middle East & North Africa,36.975594,38.426399,0,0.0,0,0,Bombing/Explosion,Police,Turkey,0,Explosives,1,1.0,0.0,-9
3285,Afghanistan,South Asia,34.818085,70.353251,0,0.0,1,0,Bombing/Explosion,Unknown,Afghanistan,0,Explosives,4,4.0,2.0,0
7226,Spain,Western Europe,41.400635,2.150913,0,1.0,1,0,Unarmed Assault,Private Citizens & Property,Multinational,0,"Vehicle (not to include vehicle-borne explosives, i.e., car or truck bombs)",14,0.0,101.0,-9
5147,Somalia,Sub-Saharan Africa,3.115641,43.64658,0,0.0,1,0,Assassination,Government (General),Somalia,3,Firearms,1,0.0,0.0,0
7646,Philippines,Southeast Asia,10.788004,122.233983,1,0.0,0,0,Armed Assault,Military,Philippines,0,Firearms,0,0.0,0.0,-9
8979,Turkey,Middle East & North Africa,36.783333,34.6,0,0.0,1,0,Bombing/Explosion,Police,Turkey,0,Explosives,0,0.0,12.0,0
5011,Somalia,Sub-Saharan Africa,2.059819,45.326115,0,1.0,1,0,Assassination,Government (General),Somalia,0,Firearms,1,0.0,0.0,0
8106,Iraq,Middle East & North Africa,33.953167,44.921906,0,0.0,1,1,Bombing/Explosion,Police,Iraq,0,Explosives,2,1.0,7.0,0
377,Syria,Middle East & North Africa,35.333061,40.138737,0,1.0,1,0,Bombing/Explosion,Private Citizens & Property,Syria,0,Explosives,1,0.0,4.0,0
1967,Nepal,South Asia,26.540524,86.748599,0,0.0,1,0,Facility/Infrastructure Attack,Government (General),Nepal,0,Unknown,0,0.0,0.0,0
7191,Iraq,Middle East & North Africa,34.430836,44.93409,0,1.0,1,0,Bombing/Explosion,Utilities,Iraq,0,Explosives,0,0.0,0.0,-9
3160,Sri Lanka,South Asia,6.120496,80.482425,0,1.0,1,0,Facility/Infrastructure Attack,Business,Sri Lanka,0,Incendiary,0,0.0,0.0,-9
622,Iraq,Middle East & North Africa,33.683266,43.473259,1,0.0,0,1,Bombing/Explosion,Military,Iraq,0,Explosives,1,1.0,0.0,0
7126,Afghanistan,South Asia,34.175971,70.466601,0,1.0,1,0,Facility/Infrastructure Attack,Private Citizens & Property,Afghanistan,0,Incendiary,1,1.0,1.0,0
6952,Iraq,Middle East & North Africa,37.175321,43.012291,1,0.0,1,0,Bombing/Explosion,Military,Turkey,0,Explosives,0,0.0,2.0,1
4620,Nigeria,Sub-Saharan Africa,4.647557,5.92856,0,0.0,1,0,Facility/Infrastructure Attack,Utilities,Nigeria,16,Incendiary,0,0.0,0.0,-9
8374,Iraq,Middle East & North Africa,35.324825,43.766922,0,0.0,0,0,Bombing/Explosion,Unknown,Iraq,0,Explosives,0,0.0,0.0,-9
8960,Sudan,Sub-Saharan Africa,9.537164,28.478553,0,0.0,1,0,Armed Assault,Business,Sudan,0,Firearms,1,0.0,2.0,-9
3009,Pakistan,South Asia,28.633307,69.190369,1,0.0,1,0,Bombing/Explosion,Military,Pakistan,0,Explosives,0,0.0,0.0,-9
7400,Afghanistan,South Asia,34.516895,69.147011,0,0.0,1,0,Bombing/Explosion,Police,Afghanistan,0,Explosives,0,0.0,7.0,-9
7806,Pakistan,South Asia,32.800575,70.49556,0,0.0,0,0,Bombing/Explosion,Unknown,Pakistan,0,Explosives,0,0.0,0.0,-9
10516,Nepal,South Asia,26.727464,86.481412,0,0.0,1,0,Bombing/Explosion,Unknown,Nepal,0,Explosives,0,0.0,0.0,0
4978,Philippines,Southeast Asia,8.10833,124.22889,0,0.0,1,0,Armed Assault,Police,Philippines,0,Firearms,4,4.0,3.0,0
352,Nigeria,Sub-Saharan Africa,10.890928,13.627589,0,0.0,1,1,Bombing/Explosion,Private Citizens & Property,Nigeria,0,Explosives,9,3.0,14.0,0
5493,India,South Asia,34.039071,74.886206,0,0.0,1,1,Armed Assault,Police,India,0,Firearms,3,2.0,2.0,1
8579,Iraq,Middle East & North Africa,34.392989,44.974233,0,0.0,1,0,Bombing/Explosion,Private Citizens & Property,Iraq,0,Explosives,0,0.0,1.0,-9
508,Iraq,Middle East & North Africa,36.354145,43.14357,0,1.0,1,0,Bombing/Explosion,Private Citizens & Property,Iraq,0,Explosives,2,0.0,0.0,0
1559,Iraq,Middle East & North Africa,33.848618,44.522125,0,1.0,1,1,Bombing/Explosion,Police,Iraq,0,Explosives,3,1.0,4.0,0
4861,Democratic Republic of the Congo,Sub-Saharan Africa,-0.255557,29.163725,0,0.0,1,0,Hostage Taking (Kidnapping),NGO,International,0,Firearms,0,0.0,0.0,0
74,Afghanistan,South Asia,31.631083,65.742226,1,0.0,1,0,Armed Assault,Private Citizens & Property,Afghanistan,0,Firearms,0,0.0,1.0,-9
8379,Iraq,Middle East & North Africa,34.034291,44.134169,0,1.0,0,1,Bombing/Explosion,Private Citizens & Property,Iraq,0,Explosives,2,2.0,0.0,-9
3530,Pakistan,South Asia,29.855375,67.339928,0,1.0,0,0,Bombing/Explosion,Utilities,Pakistan,0,Explosives,0,0.0,0.0,-9
663,Yemen,Middle East & North Africa,13.586484,44.024105,0,0.0,1,0,Bombing/Explosion,Government (General),Yemen,0,Explosives,0,0.0,0.0,-9
1042,Afghanistan,South Asia,35.931442,70.759624,0,1.0,0,0,Unknown,Police,Afghanistan,0,Unknown,1,1.0,1.0,-9
3465,Yemen,Middle East & North Africa,13.413117,43.637531,0,0.0,1,0,Bombing/Explosion,Private Citizens & Property,Yemen,0,Explosives,1,0.0,0.0,0
4283,Somalia,Sub-Saharan Africa,2.777264,45.500641,0,0.0,1,0,Armed Assault,Police,Somalia,0,Explosives,0,0.0,0.0,0
8221,Afghanistan,South Asia,34.875329,71.238161,0,0.0,1,0,Bombing/Explosion,Military,Afghanistan,0,Explosives,1,0.0,2.0,-9
8122,Sudan,Sub-Saharan Africa,13.556074,24.297844,0,0.0,1,0,Armed Assault,Business,Sudan,1,Firearms,1,0.0,1.0,-9
6392,Afghanistan,South Asia,35.992978,69.027432,0,1.0,0,0,Unknown,Government (General),Afghanistan,0,Unknown,2,2.0,2.0,0
4592,Iraq,Middle East & North Africa,36.354145,43.14357,0,1.0,0,1,Bombing/Explosion,Private Citizens & Property,Iraq,0,Explosives,4,4.0,0.0,0
4164,Iraq,Middle East & North Africa,36.354145,43.14357,1,1.0,1,1,Bombing/Explosion,Military,Iraq,0,Explosives,3,3.0,0.0,0
5754,Iraq,Middle East & North Africa,36.354145,43.14357,0,0.0,1,0,Bombing/Explosion,Private Citizens & Property,Iraq,0,Explosives,28,0.0,0.0,0
7139,Yemen,Middle East & North Africa,13.850661,44.70184,0,0.0,1,0,Bombing/Explosion,Private Citizens & Property,Yemen,0,Explosives,9,0.0,4.0,0
2280,Afghanistan,South Asia,32.372482,65.67716,0,0.0,1,1,Bombing/Explosion,Police,Afghanistan,0,Explosives,1,1.0,4.0,0
4102,United Kingdom,Western Europe,54.449393,-6.35521,0,0.0,1,0,Bombing/Explosion,Private Citizens & Property,Northern Ireland,0,Explosives,0,0.0,0.0,-9
6211,United Kingdom,Western Europe,51.504387,-0.140041,0,0.0,1,0,Facility/Infrastructure Attack,Religious Figures/Institutions,United Kingdom,0,Incendiary,0,0.0,0.0,-9
9091,Indonesia,Southeast Asia,-4.143584,137.090491,0,0.0,1,0,Armed Assault,Business,Indonesia,0,Firearms,0,0.0,1.0,1
7692,Pakistan,South Asia,34.021103,71.287421,0,0.0,1,0,Bombing/Explosion,Private Citizens & Property,Pakistan,0,Explosives,0,0.0,2.0,-9
9152,Iraq,Middle East & North Africa,33.303566,44.371773,0,0.0,1,0,Bombing/Explosion,Business,Iraq,0,Explosives,0,0.0,4.0,-9
3941,Pakistan,South Asia,33.695975,70.336069,0,0.0,1,0,Armed Assault,Government (General),Pakistan,0,Firearms,2,0.0,0.0,0
10184,Afghanistan,South Asia,34.516895,69.147011,0,0.0,1,0,Bombing/Explosion,Private Citizens & Property,Afghanistan,0,Explosives,0,0.0,3.0,-9
10526,Iraq,Middle East & North Africa,37.216553,43.376226,0,0.0,1,0,Bombing/Explosion,Government (General),Turkey,0,Explosives,0,0.0,1.0,-9
4338,Afghanistan,South Asia,32.120754,65.919966,1,0.0,1,0,Armed Assault,Military,Afghanistan,0,Firearms,22,12.0,9.0,0
803,Bangladesh,South Asia,23.791275,90.418205,0,0.0,1,0,Armed Assault,Private Citizens & Property,Bangladesh,0,Melee,1,0.0,0.0,-9
4184,Syria,Middle East & North Africa,35.333061,40.138737,0,0.0,1,0,Bombing/Explosion,Military,Syria,0,Explosives,14,0.0,12.0,0
5340,India,South Asia,26.931808,88.450375,0,1.0,1,0,Armed Assault,Private Citizens & Property,India,0,Incendiary,0,0.0,0.0,0
9594,Yemen,Middle East & North Africa,13.887403,45.863647,0,0.0,1,0,Bombing/Explosion,Unknown,Yemen,0,Explosives,0,0.0,0.0,-9
9928,Pakistan,South Asia,33.976307,71.437157,0,0.0,1,1,Assassination,Police,Pakistan,0,Explosives,3,1.0,6.0,0
979,Iraq,Middle East & North Africa,33.426758,44.228073,0,1.0,0,0,Bombing/Explosion,Unknown,Iraq,0,Explosives,0,0.0,0.0,-9
5428,Iraq,Middle East & North Africa,33.303566,44.371773,0,0.0,1,0,Bombing/Explosion,Private Citizens & Property,Iraq,0,Explosives,0,0.0,2.0,-9
5036,Cameroon,Sub-Saharan Africa,11.046735,14.140454,1,0.0,1,1,Bombing/Explosion,Military,Cameroon,0,Explosives,2,1.0,0.0,1
6586,Philippines,Southeast Asia,8.802481,126.300943,1,0.0,0,0,Assassination,Journalists & Media,Philippines,0,Firearms,0,0.0,1.0,-9
5090,Ukraine,Eastern Europe,48.143208,37.753361,0,0.0,1,0,Bombing/Explosion,Private Citizens & Property,Ukraine,0,Explosives,0,0.0,1.0,0
7581,Iraq,Middle East & North Africa,36.370963,42.529426,0,1.0,0,0,Bombing/Explosion,Unknown,Iraq,0,Explosives,0,0.0,0.0,-9
5534,Iraq,Middle East & North Africa,33.780466,44.791197,1,0.0,0,0,Unknown,Military,Iraq,0,Unknown,1,1.0,0.0,0
4822,Libya,Middle East & North Africa,32.354923,15.105525,0,0.0,0,0,Armed Assault,Private Citizens & Property,Libya,0,Firearms,0,0.0,0.0,-9
6188,Iraq,Middle East & North Africa,33.403057,43.911865,0,0.0,0,1,Bombing/Explosion,Unknown,Iraq,0,Explosives,2,2.0,0.0,0
2222,Afghanistan,South Asia,36.001646,65.362895,0,0.0,1,0,Facility/Infrastructure Attack,Religious Figures/Institutions,Afghanistan,0,Incendiary,0,0.0,0.0,0
9427,Iraq,Middle East & North Africa,36.354145,43.14357,0,0.0,1,0,Bombing/Explosion,Private Citizens & Property,Iraq,0,Explosives,1,0.0,6.0,0
8639,Philippines,Southeast Asia,17.655964,121.752737,1,0.0,1,0,Assassination,Government (General),Philippines,0,Firearms,1,0.0,0.0,-9
744,Philippines,Southeast Asia,7.188938,124.630337,1,1.0,1,0,Armed Assault,Military,Philippines,0,Explosives,0,0.0,2.0,0
1445,Afghanistan,South Asia,34.103056,70.460556,0,0.0,1,0,Bombing/Explosion,Private Citizens & Property,Afghanistan,0,Explosives,0,0.0,11.0,0
3996,Philippines,Southeast Asia,9.899154,123.840475,0,1.0,1,0,Armed Assault,Private Citizens & Property,Philippines,0,Melee,1,1.0,1.0,0
3974,Mexico,North America,24.809065,-107.394012,1,0.0,1,0,Assassination,Journalists & Media,Mexico,0,Firearms,1,0.0,0.0,-9
2818,Afghanistan,South Asia,33.1782,68.752533,0,0.0,0,1,Assassination,Police,Afghanistan,0,Explosives,1,1.0,0.0,0
7302,Iraq,Middle East & North Africa,35.532791,44.827717,0,0.0,1,0,Unarmed Assault,Private Citizens & Property,Iraq,0,Melee,0,0.0,1.0,-9
607,India,South Asia,18.965838,83.451666,0,0.0,1,0,Facility/Infrastructure Attack,Transportation,India,0,Sabotage Equipment,34,0.0,61.0,-9
1352,India,South Asia,18.543452,82.223013,1,0.0,0,0,Armed Assault,Military,India,0,Firearms,0,0.0,0.0,-9
9203,Philippines,Southeast Asia,6.333312,124.950048,0,0.0,1,0,Armed Assault,Police,Philippines,0,Firearms,1,0.0,0.0,0
9551,Pakistan,South Asia,31.343124,69.452866,0,0.0,0,0,Bombing/Explosion,Unknown,Pakistan,0,Explosives,0,0.0,0.0,-9
6397,Afghanistan,South Asia,33.595006,65.139579,0,1.0,1,0,Armed Assault,Police,Afghanistan,0,Firearms,13,11.0,7.0,0
4849,Somalia,Sub-Saharan Africa,2.059819,45.326115,0,0.0,0,0,Assassination,Government (General),Somalia,0,Explosives,0,0.0,2.0,-9
1902,Afghanistan,South Asia,34.108611,70.666667,1,1.0,0,1,Bombing/Explosion,Military,Afghanistan,0,Explosives,8,8.0,1.0,0
9995,Nepal,South Asia,29.719862,81.22283,0,1.0,1,0,Bombing/Explosion,Unknown,Nepal,0,Explosives,0,0.0,0.0,-9
4022,Iraq,Middle East & North Africa,36.354145,43.14357,0,0.0,0,0,Assassination,Journalists & Media,Iraq,0,Explosives,0,0.0,0.0,-9
1910,Iraq,Middle East & North Africa,33.460819,44.157433,0,0.0,1,0,Bombing/Explosion,Business,Iraq,0,Explosives,1,0.0,3.0,-9
2232,Philippines,Southeast Asia,7.020898,125.091469,0,0.0,1,0,Hostage Taking (Barricade Incident),Police,Philippines,0,Unknown,0,0.0,0.0,0
7142,India,South Asia,27.395147,95.630023,0,0.0,0,0,Bombing/Explosion,Unknown,India,0,Explosives,0,0.0,0.0,-9
2053,Iraq,Middle East & North Africa,36.354145,43.14357,0,0.0,0,0,Bombing/Explosion,Transportation,Iraq,0,Explosives,0,0.0,0.0,-9
8274,Iraq,Middle East & North Africa,34.425826,44.939787,1,0.0,1,0,Bombing/Explosion,Military,Iraq,0,Explosives,1,0.0,1.0,0
7647,Sierra Leone,Sub-Saharan Africa,8.483962,-13.235135,1,0.0,1,0,Facility/Infrastructure Attack,Private Citizens & Property,Sierra Leone,0,Incendiary,0,0.0,0.0,-9
7558,Myanmar,Southeast Asia,20.627733,92.502669,0,0.0,1,0,Bombing/Explosion,Private Citizens & Property,Myanmar,0,Explosives,0,0.0,0.0,-9
2380,United Kingdom,Western Europe,54.819164,-7.467909,0,0.0,1,0,Bombing/Explosion,Police,Northern Ireland,0,Explosives,0,0.0,0.0,1
264,Afghanistan,South Asia,32.401287,66.813451,0,0.0,1,0,Unknown,Police,Afghanistan,0,Unknown,8,1.0,7.0,0
570,Afghanistan,South Asia,34.966667,69.566667,0,0.0,1,0,Unknown,Police,Afghanistan,0,Unknown,3,0.0,0.0,0
10530,Mali,Sub-Saharan Africa,18.454174,1.409692,0,1.0,1,0,Armed Assault,Government (Diplomatic),International,0,Firearms,0,0.0,1.0,0
10203,Nepal,South Asia,26.979786,87.474891,0,0.0,0,0,Assassination,Violent Political Party,Nepal,0,Explosives,0,0.0,0.0,-9
3222,Colombia,South America,-0.83081,-70.109444,0,0.0,1,0,Hostage Taking (Kidnapping),Tourists,United States,0,Firearms,0,0.0,0.0,0
1134,Greece,Western Europe,37.99749,23.762728,0,0.0,1,0,Hostage Taking (Barricade Incident),Business,Greece,0,Unknown,0,0.0,0.0,-9
556,Ecuador,South America,-2.305106,-78.114687,1,0.0,1,0,Hostage Taking (Kidnapping),Military,Ecuador,0,Unknown,0,0.0,0.0,0
1975,Iraq,Middle East & North Africa,33.303566,44.371773,0,0.0,1,0,Bombing/Explosion,Terrorists/Non-State Militia,Iraq,0,Explosives,0,0.0,2.0,-9
9212,Mali,Sub-Saharan Africa,19.525008,0.880573,0,0.0,1,0,Bombing/Explosion,Government (Diplomatic),International,0,Explosives,3,0.0,2.0,0
8524,Afghanistan,South Asia,32.323943,65.11858,0,0.0,1,0,Bombing/Explosion,Utilities,Afghanistan,0,Explosives,0,0.0,1.0,0
8809,Democratic Republic of the Congo,Sub-Saharan Africa,-1.298331,29.491788,0,0.0,1,0,Armed Assault,Government (General),Democratic Republic of the Congo,0,Firearms,7,0.0,7.0,1
8055,Philippines,Southeast Asia,12.608056,123.606667,0,0.0,1,0,Armed Assault,Private Citizens & Property,Philippines,0,Firearms,1,0.0,0.0,-9
7042,Pakistan,South Asia,34.675395,71.299449,0,0.0,1,0,Bombing/Explosion,Private Citizens & Property,Pakistan,0,Explosives,3,0.0,25.0,0
7267,Taiwan,East Asia,25.040132,121.511301,0,0.0,1,0,Armed Assault,Military,Taiwan,1,Melee,0,0.0,1.0,-9
8480,Somalia,Sub-Saharan Africa,2.047631,44.897629,1,1.0,1,0,Bombing/Explosion,Military,Somalia,0,Explosives,0,0.0,0.0,-9
3942,Mali,Sub-Saharan Africa,14.919429,-4.59205,0,0.0,1,0,Hostage Taking (Kidnapping),NGO,International,0,Firearms,0,0.0,0.0,0
2486,Philippines,Southeast Asia,6.455771,124.981569,1,0.0,0,0,Armed Assault,Military,Philippines,0,Firearms,0,0.0,4.0,0
4693,Iraq,Middle East & North Africa,33.633896,42.832081,0,0.0,0,0,Bombing/Explosion,Unknown,Iraq,1,Explosives,0,0.0,0.0,-9
7,Italy,Western Europe,43.76956,11.255814,0,0.0,1,0,Bombing/Explosion,Business,Italy,5,Explosives,0,0.0,1.0,-9
1711,Chile,South America,-33.366238,-70.505302,0,0.0,1,0,Bombing/Explosion,Private Citizens & Property,Chile,0,Explosives,0,0.0,0.0,-9
2243,Iraq,Middle East & North Africa,33.303566,44.371773,0,0.0,1,0,Bombing/Explosion,Business,Iraq,0,Explosives,0,0.0,3.0,-9
7354,Afghanistan,South Asia,34.263149,70.78821,1,0.0,0,0,Unknown,Military,Afghanistan,0,Unknown,5,5.0,4.0,0
1616,Afghanistan,South Asia,34.674866,70.21344,1,0.0,1,0,Bombing/Explosion,Educational Institution,Afghanistan,0,Explosives,2,0.0,2.0,0
1835,Burkina Faso,Sub-Saharan Africa,14.078504,-1.428973,0,0.0,1,0,Armed Assault,Educational Institution,Burkina Faso,0,Firearms,3,0.0,0.0,0
9562,Iraq,Middle East & North Africa,33.185299,44.26778,0,0.0,1,0,Bombing/Explosion,Business,Iraq,0,Explosives,0,0.0,2.0,-9
6700,Libya,Middle East & North Africa,32.755131,22.637879,1,1.0,1,0,Unknown,Military,Libya,0,Unknown,2,0.0,1.0,0
3324,Iraq,Middle East & North Africa,36.354145,43.14357,0,1.0,0,0,Bombing/Explosion,Unknown,Iraq,0,Explosives,0,0.0,0.0,-9
5900,Pakistan,South Asia,26.972136,64.114571,0,0.0,0,0,Assassination,Government (General),Pakistan,0,Explosives,0,0.0,0.0,0
10347,Cameroon,Sub-Saharan Africa,5.752516,9.314051,0,0.0,1,0,Armed Assault,Police,Cameroon,0,Firearms,6,5.0,10.0,-9
8796,Iraq,Middle East & North Africa,33.633896,42.832081,0,0.0,1,1,Bombing/Explosion,Business,Iraq,0,Explosives,8,1.0,20.0,0
6468,Somalia,Sub-Saharan Africa,3.067254,43.742794,1,0.0,1,0,Bombing/Explosion,Military,Somalia,0,Explosives,3,0.0,2.0,0
10126,Iraq,Middle East & North Africa,34.430836,44.93409,1,0.0,1,0,Bombing/Explosion,Military,Iraq,0,Explosives,0,0.0,0.0,0
5152,India,South Asia,33.686303,74.995394,0,0.0,1,0,Armed Assault,Private Citizens & Property,India,0,Firearms,0,0.0,1.0,-9
8489,Afghanistan,South Asia,34.916253,68.09147,0,0.0,1,0,Armed Assault,Police,Afghanistan,0,Firearms,6,5.0,0.0,0
6634,Afghanistan,South Asia,31.383046,64.299565,0,0.0,1,0,Armed Assault,Police,Afghanistan,0,Firearms,22,17.0,7.0,0
2059,Peru,South America,-7.159038,-78.513379,1,0.0,1,0,Hostage Taking (Kidnapping),Journalists & Media,Peru,0,Melee,0,0.0,1.0,-9
9301,Afghanistan,South Asia,36.187978,69.335432,1,0.0,1,0,Armed Assault,Military,Afghanistan,0,Firearms,14,14.0,18.0,0
8610,Turkey,Middle East & North Africa,38.126597,41.00556,1,0.0,1,0,Armed Assault,Military,Turkey,0,Firearms,1,0.0,0.0,0
5433,Democratic Republic of the Congo,Sub-Saharan Africa,0.495944,29.459606,1,1.0,1,0,Armed Assault,Military,Democratic Republic of the Congo,0,Firearms,4,3.0,1.0,0
8076,Yemen,Middle East & North Africa,13.586484,44.024105,0,1.0,1,0,Bombing/Explosion,Private Citizens & Property,Yemen,0,Explosives,2,0.0,5.0,0
2661,United Kingdom,Western Europe,55.011562,-7.312045,0,0.0,1,0,Armed Assault,Private Citizens & Property,Northern Ireland,0,Firearms,0,0.0,1.0,0
4677,Kenya,Sub-Saharan Africa,0.349466,40.875992,0,0.0,1,0,Bombing/Explosion,Police,Kenya,0,Explosives,2,0.0,2.0,1
3815,Afghanistan,South Asia,32.021965,65.112605,0,0.0,0,0,Armed Assault,Police,Afghanistan,0,Firearms,8,8.0,6.0,0
1233,Pakistan,South Asia,31.50547,74.34288,0,0.0,1,1,Bombing/Explosion,Private Citizens & Property,Pakistan,0,Explosives,16,1.0,56.0,0
6750,India,South Asia,18.190283,83.019353,0,0.0,1,0,Bombing/Explosion,Transportation,India,0,Explosives,0,0.0,15.0,-9
10674,Pakistan,South Asia,30.172988,66.949811,0,0.0,1,0,Armed Assault,Private Citizens & Property,Pakistan,0,Firearms,2,0.0,2.0,0
2358,Yemen,Middle East & North Africa,13.35541,44.195911,1,1.0,1,0,Unknown,Military,Yemen,0,Unknown,7,5.0,0.0,0
5620,India,South Asia,27.089918,88.377346,0,0.0,1,0,Facility/Infrastructure Attack,Police,India,0,Incendiary,0,0.0,0.0,0
8852,Yemen,Middle East & North Africa,13.062995,44.430099,0,0.0,0,0,Armed Assault,Government (General),Yemen,0,Firearms,0,0.0,0.0,-9
7131,Nigeria,Sub-Saharan Africa,10.795341,13.579087,0,1.0,1,0,Armed Assault,Private Citizens & Property,Nigeria,0,Firearms,1,0.0,0.0,0
8275,Iraq,Middle East & North Africa,34.367733,41.985275,1,0.0,0,1,Bombing/Explosion,Military,Iraq,0,Explosives,1,1.0,0.0,-9
5993,Somalia,Sub-Saharan Africa,4.389635,46.0872,0,0.0,1,0,Hostage Taking (Kidnapping),Military,Somalia,0,Unknown,3,0.0,1.0,0
6355,Syria,Middle East & North Africa,35.868511,36.804665,0,0.0,1,0,Armed Assault,Private Citizens & Property,Syria,0,Firearms,1,0.0,0.0,-9
3972,Iraq,Middle East & North Africa,34.160587,42.37254,0,0.0,1,1,Bombing/Explosion,Private Citizens & Property,Iraq,0,Explosives,5,3.0,4.0,0
6921,Nepal,South Asia,26.542189,86.756705,0,0.0,1,0,Bombing/Explosion,Police,Nepal,0,Explosives,0,0.0,4.0,0
4,Turkey,Middle East & North Africa,41.106178,28.689863,0,0.0,1,0,Armed Assault,Business,Turkey,1,Firearms,39,0.0,69.0,1
3911,Afghanistan,South Asia,34.674866,70.21344,0,0.0,1,0,Bombing/Explosion,Private Citizens & Property,Afghanistan,0,Explosives,5,0.0,2.0,0
8547,Somalia,Sub-Saharan Africa,2.059819,45.326115,0,0.0,1,0,Bombing/Explosion,Private Citizens & Property,Somalia,0,Explosives,0,0.0,3.0,-9
8437,Somalia,Sub-Saharan Africa,2.059819,45.326115,0,0.0,1,0,Bombing/Explosion,Business,Somalia,0,Explosives,7,0.0,10.0,0
1605,Iraq,Middle East & North Africa,33.303566,44.371773,0,0.0,1,0,Bombing/Explosion,Police,Iraq,0,Explosives,1,0.0,1.0,-9
3716,Iraq,Middle East & North Africa,33.303566,44.371773,0,0.0,1,0,Bombing/Explosion,Private Citizens & Property,Iraq,0,Explosives,0,0.0,3.0,-9
8264,Kenya,Sub-Saharan Africa,-0.340664,40.915646,0,0.0,1,0,Bombing/Explosion,Telecommunication,Kenya,0,Explosives,0,0.0,0.0,1
8253,Libya,Middle East & North Africa,30.757133,20.237541,0,1.0,1,0,Facility/Infrastructure Attack,Government (General),Libya,0,Incendiary,0,0.0,0.0,-9
6096,Syria,Middle East & North Africa,36.273452,37.000943,0,0.0,1,0,Bombing/Explosion,Private Citizens & Property,Syria,0,Explosives,2,0.0,0.0,-9
5413,Turkey,Middle East & North Africa,37.750517,42.179877,0,0.0,1,0,Armed Assault,Terrorists/Non-State Militia,Turkey,0,Firearms,1,0.0,0.0,0
4462,Philippines,Southeast Asia,14.298889,122.650278,0,0.0,1,0,Armed Assault,Government (General),Philippines,0,Firearms,1,0.0,0.0,-9
132,Iraq,Middle East & North Africa,34.705948,43.697075,1,0.0,0,0,Assassination,Military,Iraq,0,Explosives,0,0.0,1.0,-9
4336,Iraq,Middle East & North Africa,33.303566,44.371773,0,0.0,1,0,Bombing/Explosion,Police,Iraq,0,Explosives,0,0.0,2.0,-9
3671,India,South Asia,18.87521,83.154062,0,0.0,1,0,Facility/Infrastructure Attack,Business,India,0,Incendiary,0,0.0,0.0,0
4598,Iraq,Middle East & North Africa,33.303566,44.371773,0,1.0,1,0,Bombing/Explosion,Business,Iraq,0,Explosives,2,0.0,5.0,-9
8662,Yemen,Middle East & North Africa,13.586484,44.024105,0,0.0,1,0,Assassination,Terrorists/Non-State Militia,Yemen,0,Firearms,1,0.0,0.0,-9
9791,Nepal,South Asia,28.019587,84.431386,0,0.0,0,0,Assassination,Violent Political Party,Nepal,0,Explosives,0,0.0,1.0,-9
621,Iraq,Middle East & North Africa,33.303566,44.371773,0,0.0,0,1,Bombing/Explosion,Unknown,Iraq,0,Explosives,1,1.0,0.0,-9
6238,Iraq,Middle East & North Africa,35.700397,43.280434,1,1.0,1,0,Bombing/Explosion,Military,Iraq,0,Explosives,0,0.0,1.0,0
5623,Nepal,South Asia,27.252994,86.672775,0,0.0,0,0,Bombing/Explosion,Unknown,Nepal,0,Explosives,0,0.0,0.0,-9
8716,Somalia,Sub-Saharan Africa,3.810951,43.246506,0,0.0,1,0,Hostage Taking (Kidnapping),Private Citizens & Property,South Africa,0,Melee,1,0.0,0.0,0
7626,Egypt,Middle East & North Africa,31.016779,33.008587,0,0.0,0,0,Unknown,Business,Egypt,0,Unknown,0,0.0,0.0,-9
9776,Philippines,Southeast Asia,6.901129,124.473394,1,0.0,1,0,Bombing/Explosion,Military,Philippines,0,Explosives,0,0.0,1.0,0
7196,Iraq,Middle East & North Africa,33.744999,45.545616,0,0.0,1,0,Bombing/Explosion,Private Citizens & Property,Iraq,0,Explosives,1,0.0,1.0,0
7427,Nigeria,Sub-Saharan Africa,10.890928,13.627589,0,1.0,1,0,Facility/Infrastructure Attack,Private Citizens & Property,Nigeria,0,Incendiary,0,0.0,0.0,0
9218,Iraq,Middle East & North Africa,33.133062,44.477076,0,0.0,1,0,Bombing/Explosion,Business,Iraq,0,Explosives,0,0.0,3.0,-9
10782,Cameroon,Sub-Saharan Africa,11.162543,14.013976,0,0.0,1,0,Unknown,Private Citizens & Property,Cameroon,0,Unknown,1,0.0,0.0,1
779,Yemen,Middle East & North Africa,13.887403,45.863647,0,0.0,1,0,Assassination,Terrorists/Non-State Militia,Yemen,0,Firearms,4,0.0,0.0,0
8580,Afghanistan,South Asia,36.03914,64.995911,0,0.0,1,0,Bombing/Explosion,Business,Afghanistan,0,Explosives,1,0.0,2.0,-9
6266,Nigeria,Sub-Saharan Africa,11.899768,13.203335,1,0.0,0,1,Bombing/Explosion,Military,Nigeria,0,Explosives,2,2.0,0.0,0
7642,Iraq,Middle East & North Africa,33.247181,44.025452,0,0.0,1,0,Bombing/Explosion,Business,Iraq,0,Explosives,0,0.0,3.0,0
8627,Somalia,Sub-Saharan Africa,2.047631,44.897629,1,0.0,1,0,Bombing/Explosion,Military,Somalia,0,Explosives,2,1.0,2.0,-9
6066,Yemen,Middle East & North Africa,13.810876,44.77428,0,0.0,1,0,Bombing/Explosion,Private Citizens & Property,Yemen,0,Explosives,0,0.0,0.0,0
3229,Thailand,Southeast Asia,6.83733,101.278145,1,1.0,1,0,Bombing/Explosion,Military,Thailand,0,Explosives,0,0.0,0.0,-9
8946,Afghanistan,South Asia,32.098404,61.485478,0,0.0,1,0,Unknown,Police,Afghanistan,0,Unknown,3,0.0,0.0,0
7625,Iraq,Middle East & North Africa,33.663116,42.634892,0,0.0,1,0,Bombing/Explosion,Private Citizens & Property,Iraq,0,Explosives,0,0.0,1.0,0
9908,South Africa,Sub-Saharan Africa,-29.566387,30.180759,0,0.0,1,0,Assassination,Private Citizens & Property,South Africa,0,Firearms,1,0.0,0.0,-9
3973,Iraq,Middle East & North Africa,33.303566,44.371773,1,0.0,1,0,Armed Assault,Military,Iraq,0,Firearms,1,0.0,1.0,-9
3012,Philippines,Southeast Asia,16.18694,119.85917,0,0.0,1,0,Assassination,Government (General),Philippines,0,Firearms,1,0.0,0.0,-9
8626,Afghanistan,South Asia,35.866461,64.68921,0,0.0,1,0,Bombing/Explosion,Police,Afghanistan,0,Explosives,0,0.0,0.0,0
8556,Libya,Middle East & North Africa,32.791561,12.489026,1,0.0,1,0,Bombing/Explosion,Military,Libya,0,Explosives,2,0.0,3.0,0
257,Afghanistan,South Asia,31.631083,65.742226,1,0.0,1,0,Assassination,Government (General),Afghanistan,-99,Explosives,12,0.0,17.0,0
5960,Pakistan,South Asia,33.605007,70.839087,1,0.0,1,0,Bombing/Explosion,Military,Pakistan,0,Explosives,0,0.0,4.0,-9
10444,Iraq,Middle East & North Africa,34.344291,44.468521,0,0.0,0,0,Armed Assault,Private Citizens & Property,Iraq,0,Firearms,0,0.0,0.0,0
1253,Central African Republic,Sub-Saharan Africa,6.997777,19.180971,0,0.0,0,0,Armed Assault,Private Citizens & Property,Central African Republic,0,Firearms,0,0.0,0.0,-9
4508,Iraq,Middle East & North Africa,33.773349,45.14945,0,0.0,0,0,Bombing/Explosion,Unknown,Iraq,0,Explosives,0,0.0,0.0,-9
8840,Afghanistan,South Asia,34.447214,70.485357,0,0.0,1,0,Armed Assault,Religious Figures/Institutions,Afghanistan,0,Firearms,1,0.0,0.0,-9
2790,Iraq,Middle East & North Africa,36.354145,43.14357,0,1.0,1,0,Bombing/Explosion,Private Citizens & Property,Iraq,0,Explosives,1,0.0,3.0,0
5926,Egypt,Middle East & North Africa,30.230907,31.395412,0,0.0,1,0,Armed Assault,Police,Egypt,0,Firearms,1,0.0,0.0,0
522,Iraq,Middle East & North Africa,36.354145,43.14357,1,0.0,0,1,Bombing/Explosion,Military,Iraq,0,Explosives,4,4.0,0.0,0
2101,Tunisia,Middle East & North Africa,35.332015,8.907482,1,0.0,1,0,Bombing/Explosion,Military,Tunisia,0,Explosives,0,0.0,1.0,-9
9207,Pakistan,South Asia,26.098269,65.475736,0,1.0,1,0,Facility/Infrastructure Attack,Journalists & Media,Pakistan,0,Firearms,0,0.0,0.0,0
6557,Afghanistan,South Asia,33.662383,69.785643,0,1.0,1,0,Facility/Infrastructure Attack,Police,Afghanistan,0,Incendiary,0,0.0,0.0,0
7510,Angola,Sub-Saharan Africa,-8.814716,13.247411,0,0.0,1,0,Unarmed Assault,Private Citizens & Property,Angola,-99,Chemical,0,0.0,405.0,0
10528,Mali,Sub-Saharan Africa,18.454174,1.409692,0,1.0,1,0,Armed Assault,Government (Diplomatic),International,0,Firearms,1,1.0,1.0,0
3133,Pakistan,South Asia,26.134384,62.296852,0,0.0,1,0,Armed Assault,Private Citizens & Property,Pakistan,0,Firearms,1,0.0,0.0,-9
4298,West Bank and Gaza Strip,Middle East & North Africa,31.763582,35.257722,0,0.0,0,0,Armed Assault,Police,Israel,0,Melee,1,1.0,0.0,0
4471,Iraq,Middle East & North Africa,34.533753,43.483738,0,0.0,1,0,Bombing/Explosion,Unknown,Iraq,0,Explosives,1,1.0,0.0,0
2839,Iraq,Middle East & North Africa,36.354145,43.14357,1,0.0,0,1,Bombing/Explosion,Military,Iraq,0,Explosives,1,1.0,0.0,0
10610,Greece,Western Europe,37.99749,23.762728,0,0.0,1,0,Bombing/Explosion,Private Citizens & Property,Greece,0,Explosives,0,0.0,0.0,-9
4314,Turkey,Middle East & North Africa,37.571716,44.282299,1,0.0,0,0,Unknown,Military,Turkey,0,Unknown,1,1.0,0.0,0
1159,India,South Asia,26.689716,91.909924,0,0.0,1,0,Armed Assault,Private Citizens & Property,India,0,Firearms,2,0.0,0.0,-9
370,Somalia,Sub-Saharan Africa,2.059819,45.326115,0,0.0,1,0,Bombing/Explosion,Military,Somalia,0,Explosives,2,0.0,7.0,0
8486,Philippines,Southeast Asia,8.420361,125.16948,1,1.0,0,0,Unknown,Military,Philippines,0,Unknown,0,0.0,0.0,0
1684,Somalia,Sub-Saharan Africa,6.774396,47.429031,0,0.0,0,0,Assassination,Government (General),Somalia,0,Firearms,0,0.0,1.0,0
9077,Afghanistan,South Asia,34.516895,69.147011,1,1.0,1,0,Bombing/Explosion,Military,International,0,Explosives,0,0.0,0.0,0
5574,Cameroon,Sub-Saharan Africa,11.403058,14.567839,0,0.0,1,0,Hostage Taking (Kidnapping),Private Citizens & Property,Cameroon,0,Unknown,1,0.0,0.0,1
2901,Thailand,Southeast Asia,6.085224,101.879166,0,1.0,1,0,Bombing/Explosion,Utilities,Thailand,0,Explosives,0,0.0,0.0,0
4632,Iraq,Middle East & North Africa,35.631248,44.00856,0,0.0,0,0,Bombing/Explosion,Unknown,Iraq,0,Explosives,0,0.0,0.0,-9
1268,Philippines,Southeast Asia,7.237076,122.254793,0,0.0,1,0,Armed Assault,Transportation,Philippines,0,Firearms,0,0.0,8.0,0
801,Iraq,Middle East & North Africa,36.354145,43.14357,0,1.0,1,0,Bombing/Explosion,Private Citizens & Property,Iraq,0,Explosives,0,0.0,2.0,0
8777,Yemen,Middle East & North Africa,12.825647,44.846416,0,0.0,1,0,Bombing/Explosion,Religious Figures/Institutions,Yemen,-99,Explosives,1,0.0,1.0,0
7117,Afghanistan,South Asia,35.649546,63.91133,0,0.0,0,0,Armed Assault,Private Citizens & Property,Afghanistan,0,Firearms,0,0.0,0.0,0
4172,Afghanistan,South Asia,32.914526,68.06181,0,1.0,1,0,Armed Assault,Private Citizens & Property,Afghanistan,0,Firearms,5,5.0,0.0,0
7446,Pakistan,South Asia,30.354935,66.944313,0,0.0,0,0,Bombing/Explosion,Unknown,Pakistan,0,Explosives,0,0.0,0.0,-9
8254,Libya,Middle East & North Africa,30.757133,20.237541,0,1.0,1,0,Facility/Infrastructure Attack,Private Citizens & Property,Libya,0,Incendiary,0,0.0,0.0,-9
2220,Iraq,Middle East & North Africa,36.354145,43.14357,1,0.0,1,1,Bombing/Explosion,Military,Iraq,0,Explosives,5,1.0,0.0,0
9663,India,South Asia,24.323812,94.003348,1,0.0,1,0,Bombing/Explosion,Military,India,0,Explosives,2,0.0,6.0,0
8805,Syria,Middle East & North Africa,34.227745,37.244217,0,0.0,1,0,Hostage Taking (Kidnapping),Private Citizens & Property,Syria,0,Firearms,128,0.0,0.0,0
6520,Turkey,Middle East & North Africa,38.159999,41.732466,1,0.0,1,0,Armed Assault,Military,Turkey,0,Firearms,1,0.0,2.0,0
1105,India,South Asia,26.588399,86.137015,0,0.0,0,0,Assassination,Government (General),India,0,Firearms,1,0.0,0.0,-9
9831,Pakistan,South Asia,30.200819,66.994354,0,0.0,1,0,Armed Assault,Government (General),Pakistan,0,Firearms,0,0.0,1.0,-9
8649,Israel,Middle East & North Africa,32.114093,34.972767,0,0.0,1,0,Armed Assault,Private Citizens & Property,Israel,2,Melee,1,0.0,0.0,1
9576,Pakistan,South Asia,27.673824,68.893394,0,0.0,1,1,Bombing/Explosion,Private Citizens & Property,Pakistan,0,Explosives,3,3.0,0.0,-9
1185,Afghanistan,South Asia,34.516895,69.147011,1,0.0,1,0,Bombing/Explosion,Government (General),Afghanistan,0,Explosives,0,0.0,0.0,0
4594,Pakistan,South Asia,26.9745,64.090165,1,0.0,1,0,Bombing/Explosion,Military,Pakistan,0,Explosives,0,0.0,0.0,-9
3182,Philippines,Southeast Asia,6.687966,124.678774,0,1.0,1,0,Bombing/Explosion,Business,Philippines,2,Explosives,0,0.0,0.0,0
8584,India,South Asia,18.672255,81.296732,0,0.0,1,0,Bombing/Explosion,Police,India,0,Explosives,0,0.0,0.0,-9
2110,Iraq,Middle East & North Africa,33.039267,40.044459,1,0.0,1,0,Armed Assault,Military,Iraq,0,Firearms,2,0.0,4.0,0
8013,Egypt,Middle East & North Africa,31.126646,33.800865,0,0.0,0,0,Bombing/Explosion,Unknown,Egypt,0,Explosives,0,0.0,0.0,-9
518,Somalia,Sub-Saharan Africa,2.14383,45.118061,0,0.0,1,0,Armed Assault,Military,Somalia,0,Explosives,6,0.0,10.0,0
2549,Iraq,Middle East & North Africa,33.172411,43.878825,0,0.0,0,1,Assassination,Government (General),Iraq,0,Explosives,1,1.0,1.0,-9
8898,Philippines,Southeast Asia,6.949318,125.160178,0,0.0,1,0,Armed Assault,Private Citizens & Property,Philippines,1,Firearms,0,0.0,3.0,0
9324,Iraq,Middle East & North Africa,34.432587,41.229725,0,0.0,0,1,Bombing/Explosion,Unknown,Iraq,0,Explosives,2,2.0,0.0,-9
8986,Indonesia,Southeast Asia,5.207409,96.383782,1,0.0,1,0,Facility/Infrastructure Attack,Religious Figures/Institutions,Indonesia,0,Incendiary,0,0.0,0.0,-9
9679,Iraq,Middle East & North Africa,35.137009,44.44664,0,0.0,1,0,Bombing/Explosion,Government (General),Iraq,0,Explosives,0,0.0,0.0,0
8755,India,South Asia,34.08374,74.789902,0,0.0,1,0,Facility/Infrastructure Attack,Police,India,0,Unknown,0,0.0,0.0,-9
10008,India,South Asia,25.143056,86.505278,0,0.0,1,0,Armed Assault,Private Citizens & Property,India,0,Firearms,1,0.0,0.0,-9
1632,Iraq,Middle East & North Africa,36.354145,43.14357,0,1.0,0,0,Bombing/Explosion,Unknown,Iraq,0,Explosives,0,0.0,0.0,-9
458,Myanmar,Southeast Asia,25.617916,96.316669,0,0.0,1,0,Armed Assault,Business,Myanmar,0,Firearms,1,0.0,0.0,0
6958,India,South Asia,33.863483,74.767929,0,0.0,0,0,Facility/Infrastructure Attack,Business,India,0,Unknown,0,0.0,0.0,-9
7112,Afghanistan,South Asia,34.516895,69.147011,0,0.0,1,0,Bombing/Explosion,Private Citizens & Property,Afghanistan,0,Explosives,0,0.0,3.0,-9
1833,Afghanistan,South Asia,34.08218,70.667035,0,0.0,1,0,Hostage Taking (Kidnapping),Private Citizens & Property,Afghanistan,0,Melee,2,0.0,0.0,0
9108,India,South Asia,33.779921,75.066955,0,0.0,1,0,Armed Assault,Private Citizens & Property,India,0,Firearms,1,0.0,0.0,-9
6590,Colombia,South America,7.04722,-72.170244,0,1.0,1,0,Bombing/Explosion,Utilities,Colombia,0,Explosives,0,0.0,0.0,0
5016,India,South Asia,33.721287,74.831062,0,0.0,0,0,Armed Assault,Government (General),India,0,Firearms,0,0.0,0.0,-9
8554,India,South Asia,20.199012,81.075466,0,0.0,1,0,Hostage Taking (Kidnapping),Private Citizens & Property,India,0,Firearms,1,0.0,0.0,-9
148,Thailand,Southeast Asia,6.545499,101.2799,0,0.0,1,0,Armed Assault,Educational Institution,Thailand,0,Firearms,1,0.0,0.0,-9
2049,Greece,Western Europe,37.99749,23.762728,0,1.0,1,0,Facility/Infrastructure Attack,Government (General),Greece,0,Incendiary,0,0.0,0.0,-9
7930,Kenya,Sub-Saharan Africa,-1.703277,41.302943,0,0.0,1,0,Bombing/Explosion,Police,Kenya,0,Explosives,1,0.0,6.0,1
6359,Afghanistan,South Asia,32.478396,62.046118,0,0.0,1,0,Armed Assault,Police,Afghanistan,0,Firearms,2,0.0,0.0,-9
1980,Philippines,Southeast Asia,8.628203,117.451236,0,0.0,1,0,Facility/Infrastructure Attack,Business,Philippines,0,Incendiary,0,0.0,0.0,0
8033,India,South Asia,25.294554,90.604297,0,0.0,0,0,Bombing/Explosion,Unknown,India,0,Explosives,0,0.0,0.0,-9
4158,Iraq,Middle East & North Africa,33.3073,42.417619,0,0.0,0,1,Bombing/Explosion,Unknown,Iraq,1,Explosives,0,0.0,0.0,-9
1151,India,South Asia,18.496013,80.864972,0,0.0,0,0,Armed Assault,Police,India,0,Firearms,1,1.0,0.0,-9
3260,India,South Asia,24.128611,84.185711,0,0.0,1,0,Armed Assault,Private Citizens & Property,India,0,Firearms,2,0.0,0.0,0
7443,Turkey,Middle East & North Africa,36.681757,37.029976,0,0.0,1,0,Bombing/Explosion,Business,Turkey,0,Explosives,1,0.0,0.0,-9
5544,Myanmar,Southeast Asia,20.824339,92.367388,0,0.0,1,0,Armed Assault,Government (General),Myanmar,0,Melee,1,0.0,3.0,-9
3710,Libya,Middle East & North Africa,31.754255,14.007956,0,0.0,1,0,Bombing/Explosion,Police,Libya,0,Explosives,0,0.0,0.0,0
6097,Afghanistan,South Asia,33.231963,68.010855,0,0.0,1,0,Armed Assault,Police,Afghanistan,0,Firearms,12,12.0,17.0,0
3291,Iraq,Middle East & North Africa,33.799198,42.707079,0,1.0,0,0,Bombing/Explosion,Utilities,Iraq,0,Explosives,0,0.0,0.0,-9
2114,Peru,South America,-11.80203,-74.778511,1,0.0,0,0,Armed Assault,Military,Peru,0,Firearms,0,0.0,0.0,0
8799,Afghanistan,South Asia,36.70993,67.1157,0,0.0,0,0,Assassination,Government (General),Afghanistan,0,Firearms,0,0.0,1.0,-9
7875,Afghanistan,South Asia,31.457222,61.499167,0,0.0,1,0,Bombing/Explosion,Police,Afghanistan,0,Explosives,5,0.0,2.0,0
1923,Philippines,Southeast Asia,7.333566,124.316776,0,0.0,1,0,Armed Assault,Government (General),Philippines,0,Firearms,1,0.0,0.0,-9
3422,Iraq,Middle East & North Africa,33.032736,43.81951,0,0.0,1,0,Hostage Taking (Kidnapping),Private Citizens & Property,Iraq,0,Unknown,0,0.0,0.0,0
7009,Philippines,Southeast Asia,14.274054,122.673597,1,0.0,1,0,Assassination,Government (General),Philippines,0,Firearms,1,0.0,0.0,-9
815,Philippines,Southeast Asia,9.452928,125.574473,1,1.0,1,0,Armed Assault,Military,Philippines,0,Firearms,0,0.0,0.0,0
9202,Philippines,Southeast Asia,6.931313,124.861802,0,0.0,1,0,Unknown,Private Citizens & Property,Philippines,0,Unknown,2,0.0,0.0,0
2124,Pakistan,South Asia,30.200819,66.994354,0,0.0,0,0,Bombing/Explosion,Government (General),Pakistan,0,Explosives,0,0.0,0.0,-9
4902,Nigeria,Sub-Saharan Africa,11.840929,13.141459,0,0.0,0,1,Bombing/Explosion,Unknown,Nigeria,0,Explosives,1,1.0,0.0,0
3734,Philippines,Southeast Asia,6.980848,124.482925,1,1.0,1,0,Armed Assault,Military,Philippines,0,Explosives,0,0.0,7.0,0
3910,India,South Asia,33.979952,75.079521,1,0.0,0,0,Armed Assault,Military,India,0,Firearms,0,0.0,0.0,-9
5958,Philippines,Southeast Asia,8.879689,126.022192,1,1.0,1,0,Hostage Taking (Kidnapping),Military,Philippines,20,Firearms,0,0.0,0.0,0
3611,Pakistan,South Asia,26.131706,62.329199,1,0.0,1,0,Bombing/Explosion,Military,Pakistan,0,Explosives,0,0.0,3.0,-9
2459,Ukraine,Eastern Europe,50.443237,30.517452,1,0.0,1,0,Assassination,Private Citizens & Property,Russia,0,Firearms,1,0.0,2.0,-9
8577,Bahrain,Middle East & North Africa,26.223698,50.536629,0,0.0,1,0,Bombing/Explosion,Police,Bahrain,0,Explosives,0,0.0,5.0,0
2444,Philippines,Southeast Asia,6.644703,122.299491,0,0.0,1,0,Hijacking,Maritime,Philippines,0,Firearms,0,0.0,0.0,0
5873,Kenya,Sub-Saharan Africa,-2.23433,40.47779,0,1.0,1,0,Facility/Infrastructure Attack,Private Citizens & Property,Kenya,0,Unknown,0,0.0,0.0,1
8847,Nigeria,Sub-Saharan Africa,11.636077,13.217856,0,0.0,1,1,Bombing/Explosion,Terrorists/Non-State Militia,Nigeria,0,Explosives,6,1.0,2.0,0
2215,West Bank and Gaza Strip,Middle East & North Africa,31.646404,35.13175,0,0.0,0,0,Unarmed Assault,Military,Israel,1,"Vehicle (not to include vehicle-borne explosives, i.e., car or truck bombs)",0,0.0,1.0,0
10379,Iraq,Middle East & North Africa,34.773461,44.587727,0,0.0,1,0,Bombing/Explosion,Private Citizens & Property,Iraq,0,Explosives,2,0.0,7.0,-9
9497,Afghanistan,South Asia,33.468565,68.763192,0,0.0,1,0,Bombing/Explosion,Private Citizens & Property,Afghanistan,0,Explosives,0,0.0,5.0,-9
2507,Somalia,Sub-Saharan Africa,2.059819,45.326115,0,0.0,1,0,Armed Assault,Government (General),Somalia,0,Firearms,1,0.0,0.0,-9
7415,Philippines,Southeast Asia,12.910675,123.594594,0,0.0,1,0,Assassination,Government (General),Philippines,0,Firearms,1,0.0,0.0,-9
9784,Nigeria,Sub-Saharan Africa,11.93363,13.235811,0,1.0,1,1,Bombing/Explosion,Private Citizens & Property,Nigeria,0,Explosives,4,2.0,4.0,0
3486,Turkey,Middle East & North Africa,39.029069,43.359149,0,0.0,1,0,Unknown,Terrorists/Non-State Militia,Turkey,0,Unknown,1,0.0,3.0,0
4777,Iraq,Middle East & North Africa,33.303566,44.371773,0,0.0,0,0,Bombing/Explosion,Unknown,Iraq,0,Explosives,0,0.0,0.0,-9
4204,Iraq,Middle East & North Africa,33.486706,44.276806,1,0.0,1,0,Bombing/Explosion,Military,Iraq,0,Explosives,1,0.0,2.0,-9
953,Pakistan,South Asia,34.110325,71.163803,0,0.0,1,0,Bombing/Explosion,Private Citizens & Property,Pakistan,-99,Explosives,0,0.0,0.0,-9
8248,Thailand,Southeast Asia,6.681602,101.584113,0,0.0,1,0,Bombing/Explosion,Military,Thailand,-99,Explosives,4,0.0,6.0,-9
7685,Iraq,Middle East & North Africa,36.486149,42.418186,1,0.0,1,1,Bombing/Explosion,Military,Iraq,0,Explosives,4,1.0,7.0,-9
8041,Thailand,Southeast Asia,6.39144,100.992603,0,1.0,1,0,Bombing/Explosion,Utilities,Thailand,0,Explosives,0,0.0,0.0,-9
1682,Pakistan,South Asia,26.458388,65.230796,0,0.0,0,0,Bombing/Explosion,Unknown,Pakistan,0,Explosives,0,0.0,0.0,-9
9630,Nepal,South Asia,28.496883,82.520922,0,0.0,0,0,Armed Assault,Violent Political Party,Nepal,0,Firearms,0,0.0,0.0,0
1742,Iraq,Middle East & North Africa,33.303566,44.371773,0,0.0,1,0,Bombing/Explosion,Private Citizens & Property,Iraq,0,Explosives,1,0.0,4.0,-9
5137,Bangladesh,South Asia,21.212591,92.163444,0,0.0,1,0,Hostage Taking (Kidnapping),Private Citizens & Property,Bangladesh,0,Melee,1,0.0,2.0,1
3154,Saudi Arabia,Middle East & North Africa,17.341714,43.131141,0,0.0,1,0,Bombing/Explosion,Police,Saudi Arabia,0,Explosives,1,0.0,3.0,-9
9472,United Kingdom,Western Europe,54.607712,-5.95621,0,0.0,0,0,Bombing/Explosion,Unknown,Northern Ireland,0,Explosives,0,0.0,0.0,-9
9318,Iraq,Middle East & North Africa,33.303566,44.371773,0,0.0,1,0,Bombing/Explosion,Business,Iraq,0,Explosives,0,0.0,2.0,-9
2011,Iraq,Middle East & North Africa,33.303566,44.371773,0,0.0,1,0,Bombing/Explosion,Private Citizens & Property,Iraq,0,Explosives,0,0.0,2.0,-9
930,India,South Asia,33.88525,75.025408,0,0.0,0,0,Bombing/Explosion,Unknown,India,0,Explosives,0,0.0,0.0,-9
1528,Philippines,Southeast Asia,8.133333,123.1,0,0.0,0,0,Assassination,Government (General),Philippines,0,Firearms,0,0.0,0.0,-9
7433,Iraq,Middle East & North Africa,33.303566,44.371773,0,0.0,1,0,Bombing/Explosion,Business,Iraq,0,Explosives,1,0.0,3.0,-9
3758,Pakistan,South Asia,34.006004,71.53743,0,1.0,1,0,Bombing/Explosion,Police,Pakistan,0,Explosives,0,0.0,4.0,0
7748,Iraq,Middle East & North Africa,34.367733,41.985275,0,1.0,1,0,Unknown,Private Citizens & Property,Iraq,0,Unknown,6,0.0,0.0,0
3177,Iraq,Middle East & North Africa,36.354145,43.14357,0,1.0,0,0,Bombing/Explosion,Unknown,Iraq,0,Explosives,0,0.0,0.0,-9
2772,Philippines,Southeast Asia,6.687966,124.678774,0,0.0,1,0,Bombing/Explosion,Business,Philippines,0,Explosives,0,0.0,8.0,0
2454,Syria,Middle East & North Africa,36.201721,37.14352,0,0.0,1,0,Bombing/Explosion,Private Citizens & Property,Syria,0,Explosives,5,0.0,4.0,-9
2074,Philippines,Southeast Asia,7.310036,125.850589,0,0.0,1,0,Bombing/Explosion,Military,Philippines,0,Explosives,0,0.0,3.0,0
2029,Iraq,Middle East & North Africa,33.42767,44.306255,0,0.0,1,0,Bombing/Explosion,Private Citizens & Property,Iraq,0,Explosives,1,0.0,3.0,-9
8861,Egypt,Middle East & North Africa,31.126646,33.800865,1,0.0,1,0,Armed Assault,Military,Egypt,0,Explosives,8,2.0,5.0,0
7886,Afghanistan,South Asia,34.328977,70.407486,0,0.0,1,0,Armed Assault,Religious Figures/Institutions,Afghanistan,0,Firearms,1,0.0,0.0,-9
2544,Myanmar,Southeast Asia,24.219884,94.310288,0,0.0,1,0,Bombing/Explosion,Religious Figures/Institutions,Myanmar,0,Explosives,0,0.0,0.0,-9
3878,Nepal,South Asia,26.538378,86.747969,0,0.0,1,0,Bombing/Explosion,Government (General),Nepal,0,Explosives,0,0.0,0.0,0
5883,Indonesia,Southeast Asia,-7.484817,108.7834,0,0.0,1,0,Bombing/Explosion,Government (General),Indonesia,0,Explosives,0,0.0,0.0,-9
9905,Nepal,South Asia,27.741536,85.135146,0,0.0,0,0,Bombing/Explosion,Unknown,Nepal,0,Explosives,0,0.0,0.0,-9
3553,Afghanistan,South Asia,34.283562,69.883565,1,1.0,0,0,Armed Assault,Military,Afghanistan,0,Firearms,2,2.0,3.0,0
1016,Mali,Sub-Saharan Africa,14.455556,-4.918056,1,0.0,1,0,Unknown,Military,Mali,0,Unknown,2,0.0,0.0,-9
3775,Afghanistan,South Asia,34.37005,70.53735,0,0.0,1,0,Bombing/Explosion,Private Citizens & Property,Afghanistan,0,Explosives,0,0.0,3.0,-9
8154,Philippines,Southeast Asia,12.937425,124.11812,0,0.0,1,0,Facility/Infrastructure Attack,Police,Philippines,0,Incendiary,0,0.0,0.0,0
8421,Iraq,Middle East & North Africa,35.324825,43.766922,0,1.0,0,0,Bombing/Explosion,Unknown,Iraq,0,Explosives,0,0.0,0.0,-9
9830,Pakistan,South Asia,28.949467,69.059311,0,0.0,1,0,Bombing/Explosion,Utilities,Pakistan,0,Explosives,0,0.0,0.0,-9
6653,India,South Asia,33.939903,75.099791,0,1.0,1,0,Facility/Infrastructure Attack,Police,India,0,Incendiary,0,0.0,0.0,-9
10199,Nepal,South Asia,27.540357,83.142905,0,0.0,1,0,Bombing/Explosion,Violent Political Party,Nepal,0,Explosives,0,0.0,0.0,-9
3730,Nigeria,Sub-Saharan Africa,5.492987,5.997405,0,0.0,1,0,Assassination,Police,Nigeria,0,Firearms,1,0.0,0.0,-9
2713,India,South Asia,18.16408,81.953482,0,1.0,1,0,Hostage Taking (Kidnapping),Private Citizens & Property,India,0,Melee,1,0.0,0.0,-9
3246,Iraq,Middle East & North Africa,36.354145,43.14357,0,1.0,1,0,Bombing/Explosion,Private Citizens & Property,Iraq,0,Explosives,1,0.0,3.0,0
4073,Iraq,Middle East & North Africa,34.100723,45.05196,0,0.0,0,0,Bombing/Explosion,Unknown,Iraq,0,Explosives,0,0.0,0.0,-9
5039,Iraq,Middle East & North Africa,33.100529,44.584492,0,0.0,1,0,Bombing/Explosion,Business,Iraq,0,Explosives,0,0.0,1.0,-9
5056,Thailand,Southeast Asia,6.632612,101.449396,0,0.0,1,0,Armed Assault,Police,Thailand,0,Firearms,2,0.0,0.0,-9
4100,Philippines,Southeast Asia,6.721638,124.113104,1,0.0,1,0,Bombing/Explosion,Military,Philippines,0,Explosives,0,0.0,0.0,0
6210,Turkey,Middle East & North Africa,37.302553,44.531343,0,0.0,1,0,Bombing/Explosion,Private Citizens & Property,Turkey,0,Explosives,1,0.0,1.0,0
1768,Iraq,Middle East & North Africa,33.540672,44.251266,0,0.0,1,0,Bombing/Explosion,Private Citizens & Property,Iraq,0,Explosives,1,0.0,3.0,-9
2760,Iraq,Middle East & North Africa,33.100529,44.584492,0,0.0,1,0,Bombing/Explosion,Business,Iraq,0,Explosives,0,0.0,3.0,-9
5095,Egypt,Middle East & North Africa,31.126646,33.800865,0,0.0,1,0,Hostage Taking (Kidnapping),Religious Figures/Institutions,Egypt,0,Firearms,1,0.0,0.0,-9
8693,Iraq,Middle East & North Africa,34.256642,42.200714,0,0.0,0,1,Bombing/Explosion,Transportation,Iraq,0,Explosives,3,3.0,0.0,0
7259,Libya,Middle East & North Africa,27.545029,14.277712,1,0.0,1,0,Armed Assault,Military,Libya,0,Firearms,1,0.0,3.0,0
4975,Iraq,Middle East & North Africa,36.354145,43.14357,0,0.0,1,0,Bombing/Explosion,Private Citizens & Property,Iraq,0,Explosives,8,0.0,5.0,0
1719,Afghanistan,South Asia,36.332451,68.763192,0,0.0,0,0,Unknown,Private Citizens & Property,Afghanistan,0,Unknown,0,0.0,0.0,0
4027,Afghanistan,South Asia,31.631083,65.742226,0,1.0,1,0,Bombing/Explosion,Police,Afghanistan,0,Explosives,1,0.0,6.0,-9
8284,Burkina Faso,Sub-Saharan Africa,14.066687,-1.668297,1,0.0,1,0,Bombing/Explosion,Military,Burkina Faso,0,Explosives,0,0.0,4.0,-9
6798,Iraq,Middle East & North Africa,32.887157,44.341637,0,0.0,1,0,Bombing/Explosion,Private Citizens & Property,Iraq,0,Explosives,0,0.0,2.0,-9
10433,Somalia,Sub-Saharan Africa,2.059819,45.326115,0,0.0,1,0,Assassination,Journalists & Media,Somalia,0,Explosives,1,0.0,0.0,0
8549,France,Western Europe,43.302659,5.380395,0,0.0,1,0,Armed Assault,Transportation,France,0,Melee,3,1.0,0.0,-9
8335,Turkey,Middle East & North Africa,37.275799,44.50173,0,0.0,1,0,Bombing/Explosion,Military,Turkey,0,Explosives,1,0.0,5.0,0
8068,Iraq,Middle East & North Africa,33.19392,44.408577,0,0.0,1,0,Bombing/Explosion,Private Citizens & Property,Iraq,0,Explosives,1,0.0,3.0,-9
757,India,South Asia,18.391134,81.659273,0,0.0,1,0,Bombing/Explosion,Police,India,0,Explosives,1,0.0,0.0,-9
8463,Bangladesh,South Asia,23.791275,90.418205,0,0.0,0,0,Bombing/Explosion,Unknown,Bangladesh,0,Explosives,0,0.0,0.0,-9
3998,Turkey,Middle East & North Africa,38.373308,40.075578,0,0.0,1,0,Unknown,Terrorists/Non-State Militia,Turkey,0,Unknown,1,0.0,0.0,0
4262,Somalia,Sub-Saharan Africa,4.39261,46.087327,0,0.0,1,0,Armed Assault,Military,Somalia,0,Firearms,12,6.0,1.0,0
9126,Iraq,Middle East & North Africa,35.623757,43.939914,1,1.0,1,0,Unknown,Military,Iraq,0,Unknown,1,0.0,1.0,0
4921,Turkey,Middle East & North Africa,37.429183,42.883131,1,0.0,1,0,Armed Assault,Military,Turkey,0,Explosives,2,0.0,3.0,0
2448,Yemen,Middle East & North Africa,13.741654,45.687587,0,0.0,1,0,Bombing/Explosion,Government (General),Yemen,0,Explosives,1,0.0,3.0,0
382,Syria,Middle East & North Africa,35.333061,40.138737,0,1.0,1,0,Bombing/Explosion,Private Citizens & Property,Syria,0,Explosives,0,0.0,0.0,0
7891,India,South Asia,20.713721,80.470201,0,0.0,1,0,Armed Assault,Police,India,0,Firearms,0,0.0,1.0,-9
679,Iraq,Middle East & North Africa,33.540672,44.251266,0,0.0,1,0,Bombing/Explosion,Private Citizens & Property,Iraq,0,Explosives,0,0.0,0.0,-9
3627,Pakistan,South Asia,33.093889,71.646667,0,0.0,0,0,Bombing/Explosion,Unknown,Pakistan,0,Explosives,0,0.0,0.0,-9
10654,Iraq,Middle East & North Africa,32.982933,44.361595,1,0.0,1,0,Bombing/Explosion,Military,Iraq,0,Explosives,0,0.0,1.0,-9
10881,India,South Asia,33.966527,74.964225,0,0.0,1,1,Armed Assault,Police,India,0,Explosives,8,3.0,3.0,1
4898,Nigeria,Sub-Saharan Africa,10.229903,12.98478,0,0.0,1,0,Bombing/Explosion,Private Citizens & Property,Nigeria,0,Explosives,2,0.0,3.0,0
5701,Iraq,Middle East & North Africa,32.616667,44.55,0,0.0,1,0,Facility/Infrastructure Attack,Private Citizens & Property,Iraq,0,Firearms,0,0.0,0.0,0
7821,Colombia,South America,8.254059,-73.475184,0,0.0,1,0,Armed Assault,Business,Colombia,0,Firearms,1,0.0,1.0,0
128,Pakistan,South Asia,30.585,66.8725,0,0.0,1,0,Assassination,Private Citizens & Property,Pakistan,0,Firearms,1,0.0,0.0,-9
652,Iraq,Middle East & North Africa,36.354145,43.14357,0,1.0,1,0,Bombing/Explosion,Private Citizens & Property,Iraq,0,Explosives,7,0.0,6.0,0
5731,Austria,Western Europe,48.30694,14.28583,0,0.0,1,0,Armed Assault,Private Citizens & Property,Austria,1,Incendiary,2,0.0,0.0,-9
3769,Iraq,Middle East & North Africa,36.354145,43.14357,0,0.0,1,0,Unknown,Police,Iraq,0,Unknown,9,8.0,4.0,0
10603,Afghanistan,South Asia,35.075136,62.888237,0,1.0,1,0,Bombing/Explosion,Police,Afghanistan,0,Explosives,1,0.0,3.0,0
1278,Democratic Republic of the Congo,Sub-Saharan Africa,-2.708121,28.646898,0,0.0,1,0,Armed Assault,Private Citizens & Property,Democratic Republic of the Congo,0,Firearms,9,0.0,0.0,0
4696,Iraq,Middle East & North Africa,36.354145,43.14357,0,1.0,0,0,Bombing/Explosion,Unknown,Iraq,0,Explosives,0,0.0,0.0,-9
9194,Somalia,Sub-Saharan Africa,2.059819,45.326115,0,0.0,1,0,Armed Assault,Police,Somalia,0,Firearms,1,0.0,0.0,0
7285,West Bank and Gaza Strip,Middle East & North Africa,32.115278,35.257222,0,0.0,1,1,Armed Assault,Police,West Bank and Gaza Strip,0,Melee,1,1.0,1.0,0
3467,Iraq,Middle East & North Africa,36.354145,43.14357,1,1.0,0,1,Bombing/Explosion,Military,Iraq,0,Explosives,18,18.0,0.0,0
1106,Philippines,Southeast Asia,11.441993,122.948015,0,0.0,1,0,Facility/Infrastructure Attack,Business,Philippines,0,Firearms,0,0.0,0.0,-9
3236,Thailand,Southeast Asia,6.808818,100.982433,0,1.0,1,0,Armed Assault,Military,Thailand,0,Firearms,0,0.0,1.0,-9
10542,Afghanistan,South Asia,36.845821,66.247284,0,0.0,1,0,Assassination,Terrorists/Non-State Militia,Afghanistan,0,Explosives,1,0.0,6.0,-9
9614,Libya,Middle East & North Africa,31.068958,16.316759,0,0.0,0,0,Armed Assault,Private Citizens & Property,Libya,8,Firearms,0,0.0,0.0,-9
6150,Afghanistan,South Asia,34.331424,71.021074,0,0.0,0,0,Bombing/Explosion,Religious Figures/Institutions,Afghanistan,0,Explosives,0,0.0,0.0,-9
5211,Afghanistan,South Asia,36.238471,64.86486,0,1.0,1,0,Unknown,Private Citizens & Property,Afghanistan,0,Unknown,1,0.0,2.0,0
4474,Iraq,Middle East & North Africa,36.354145,43.14357,0,1.0,0,0,Bombing/Explosion,Unknown,Iraq,0,Explosives,0,0.0,0.0,-9
3670,Nigeria,Sub-Saharan Africa,11.544192,13.34286,0,0.0,1,1,Bombing/Explosion,Private Citizens & Property,Nigeria,0,Explosives,7,2.0,6.0,0
8857,Iraq,Middle East & North Africa,33.303566,44.371773,0,0.0,1,0,Bombing/Explosion,Private Citizens & Property,Iraq,0,Explosives,0,0.0,3.0,-9
3207,Iraq,Middle East & North Africa,34.533753,43.483738,0,1.0,1,0,Bombing/Explosion,Private Citizens & Property,Iraq,0,Explosives,0,0.0,0.0,0
3659,Afghanistan,South Asia,34.516895,69.147011,0,0.0,1,0,Bombing/Explosion,Private Citizens & Property,Afghanistan,0,Explosives,1,0.0,7.0,-9
9162,Afghanistan,South Asia,32.494399,62.070787,1,0.0,1,0,Armed Assault,Military,Afghanistan,0,Firearms,26,17.0,4.0,0
7361,Paraguay,South America,-23.459532,-56.738168,0,0.0,1,0,Hostage Taking (Kidnapping),Private Citizens & Property,Paraguay,0,Firearms,0,0.0,0.0,0
10793,Kenya,Sub-Saharan Africa,-2.365222,40.321055,0,1.0,1,0,Bombing/Explosion,Utilities,Kenya,0,Explosives,0,0.0,0.0,1
56,United States,North America,41.842602,-87.681229,0,0.0,1,0,Hostage Taking (Kidnapping),Private Citizens & Property,United States,4,Melee,0,0.0,1.0,-9
8837,India,South Asia,33.836186,75.085516,0,0.0,1,0,Facility/Infrastructure Attack,Business,India,0,Firearms,0,0.0,0.0,1
10587,Iraq,Middle East & North Africa,35.45211,44.375465,0,0.0,1,0,Bombing/Explosion,Police,Iraq,0,Explosives,0,0.0,0.0,-9
3940,United Kingdom,Western Europe,54.607712,-5.95621,0,0.0,1,0,Facility/Infrastructure Attack,Private Citizens & Property,Northern Ireland,2,Incendiary,0,0.0,1.0,-9
5562,Iraq,Middle East & North Africa,32.980339,44.463513,0,0.0,1,1,Bombing/Explosion,Military,Iraq,0,Explosives,2,1.0,1.0,0
6448,Philippines,Southeast Asia,7.609688,125.088363,1,0.0,1,0,Bombing/Explosion,Military,Philippines,0,Explosives,1,0.0,11.0,0
7921,Syria,Middle East & North Africa,33.515244,36.292084,1,0.0,1,0,Unknown,Military,Syria,0,Unknown,16,0.0,0.0,0
9644,Iraq,Middle East & North Africa,34.477619,41.920773,0,0.0,0,0,Bombing/Explosion,Unknown,Iraq,0,Explosives,0,0.0,0.0,0
2354,Philippines,Southeast Asia,10.028978,122.847903,0,0.0,1,0,Armed Assault,Private Citizens & Property,Philippines,0,Firearms,1,0.0,0.0,0
8124,Cameroon,Sub-Saharan Africa,5.954256,10.147167,0,1.0,1,0,Bombing/Explosion,Government (General),Cameroon,0,Explosives,0,0.0,0.0,0
1613,Greece,Western Europe,37.99749,23.762728,0,0.0,0,0,Bombing/Explosion,Police,Greece,0,Explosives,0,0.0,0.0,-9
8752,Thailand,Southeast Asia,6.517049,101.651538,1,0.0,1,0,Bombing/Explosion,Military,Thailand,0,Explosives,1,0.0,1.0,-9
1433,Ukraine,Eastern Europe,47.117252,37.572659,0,0.0,1,0,Bombing/Explosion,Private Citizens & Property,Ukraine,0,Explosives,0,0.0,0.0,-9
2668,Philippines,Southeast Asia,6.873793,124.469186,1,0.0,1,0,Bombing/Explosion,Military,Philippines,0,Explosives,0,0.0,1.0,0
8694,Iraq,Middle East & North Africa,33.247181,44.025452,0,0.0,1,0,Bombing/Explosion,Private Citizens & Property,Iraq,0,Explosives,1,0.0,4.0,-9
3152,Afghanistan,South Asia,34.014552,69.192392,0,0.0,1,0,Bombing/Explosion,Educational Institution,Afghanistan,0,Explosives,2,2.0,0.0,-9
1924,Iraq,Middle East & North Africa,33.303566,44.371773,0,0.0,1,0,Bombing/Explosion,Government (General),Iraq,0,Explosives,1,0.0,0.0,-9
9649,Afghanistan,South Asia,32.37001,62.128456,0,0.0,1,0,Unknown,Police,Afghanistan,0,Unknown,8,0.0,1.0,0
3247,Iraq,Middle East & North Africa,36.354145,43.14357,0,1.0,1,0,Bombing/Explosion,Private Citizens & Property,Iraq,0,Explosives,0,0.0,3.0,0
5552,Philippines,Southeast Asia,7.98,124.07,1,0.0,1,0,Bombing/Explosion,Military,Philippines,0,Explosives,0,0.0,0.0,-9
10611,Iraq,Middle East & North Africa,36.183165,43.441671,0,0.0,1,0,Unknown,Military,Iraq,0,Unknown,4,3.0,0.0,0
5550,Afghanistan,South Asia,35.870789,64.74675,0,0.0,1,0,Armed Assault,Private Citizens & Property,Afghanistan,0,Firearms,2,0.0,0.0,-9
2128,Afghanistan,South Asia,34.335648,70.458763,1,0.0,1,0,Bombing/Explosion,Military,International,0,Explosives,0,0.0,3.0,0
8678,India,South Asia,33.931011,75.114212,0,0.0,1,0,Armed Assault,Private Citizens & Property,India,0,Firearms,1,0.0,0.0,-9
418,Somalia,Sub-Saharan Africa,2.14383,45.118061,0,0.0,1,0,Unknown,Private Citizens & Property,Somalia,0,Unknown,1,0.0,0.0,0
9123,Iraq,Middle East & North Africa,33.100529,44.584492,0,0.0,1,0,Bombing/Explosion,Business,Iraq,0,Explosives,0,0.0,4.0,-9
3223,Cameroon,Sub-Saharan Africa,11.162543,14.013976,0,0.0,1,1,Bombing/Explosion,Police,Cameroon,0,Explosives,4,1.0,4.0,1
6525,Burkina Faso,Sub-Saharan Africa,14.385392,-1.398095,0,1.0,1,0,Hostage Taking (Kidnapping),Private Citizens & Property,Burkina Faso,0,Firearms,2,0.0,0.0,-9
7420,Iraq,Middle East & North Africa,36.660896,42.605278,0,0.0,0,1,Bombing/Explosion,Unknown,Iraq,0,Explosives,2,2.0,0.0,0
3667,Philippines,Southeast Asia,10.824449,122.267812,1,0.0,1,0,Armed Assault,Military,Philippines,0,Firearms,1,0.0,0.0,0
850,India,South Asia,30.064585,75.23174,0,0.0,1,0,Bombing/Explosion,Private Citizens & Property,India,0,Explosives,7,0.0,11.0,0
5724,India,South Asia,27.024762,88.355703,0,0.0,1,0,Facility/Infrastructure Attack,Private Citizens & Property,India,0,Incendiary,0,0.0,0.0,0
9266,India,South Asia,18.860831,80.721442,0,0.0,0,0,Bombing/Explosion,Police,India,0,Explosives,0,0.0,0.0,-9
1432,Syria,Middle East & North Africa,35.990086,36.677223,0,1.0,1,0,Armed Assault,Private Citizens & Property,Syria,0,Firearms,2,0.0,0.0,-9
7036,Iraq,Middle East & North Africa,33.879803,44.854084,0,1.0,1,0,Bombing/Explosion,Educational Institution,Iraq,0,Explosives,0,0.0,0.0,-9
6078,Iraq,Middle East & North Africa,36.283566,42.830044,0,1.0,1,0,Bombing/Explosion,Military,Iraq,0,Explosives,5,3.0,0.0,0
2447,Iraq,Middle East & North Africa,36.354145,43.14357,0,0.0,1,0,Bombing/Explosion,Business,Iraq,0,Explosives,3,0.0,0.0,-9
5347,Iraq,Middle East & North Africa,33.303566,44.371773,0,0.0,0,0,Bombing/Explosion,Utilities,Iraq,0,Explosives,0,0.0,0.0,-9
8736,Afghanistan,South Asia,32.390471,68.504735,0,0.0,1,0,Assassination,Private Citizens & Property,Afghanistan,0,Unknown,1,0.0,0.0,0
3141,Afghanistan,South Asia,34.150753,69.240073,0,0.0,1,0,Hostage Taking (Kidnapping),Private Citizens & Property,Afghanistan,0,Other,2,0.0,0.0,0
3668,India,South Asia,33.736085,74.872669,0,0.0,1,0,Armed Assault,Military,India,0,Firearms,1,0.0,2.0,1
8650,Pakistan,South Asia,28.571019,67.497086,0,0.0,1,1,Bombing/Explosion,Religious Figures/Institutions,Pakistan,0,Explosives,25,1.0,21.0,0
9294,Iraq,Middle East & North Africa,32.982933,44.361595,0,0.0,1,0,Bombing/Explosion,Business,Iraq,0,Explosives,0,0.0,5.0,-9
3058,Afghanistan,South Asia,34.516895,69.147011,0,0.0,1,1,Bombing/Explosion,Government (General),Afghanistan,0,Explosives,6,1.0,10.0,0
2891,Thailand,Southeast Asia,6.425859,101.67306,0,1.0,1,0,Bombing/Explosion,Utilities,Thailand,0,Explosives,0,0.0,0.0,0
6399,Somalia,Sub-Saharan Africa,2.072112,45.221424,0,0.0,0,0,Bombing/Explosion,Police,Somalia,0,Explosives,0,0.0,0.0,0
61,Mali,Sub-Saharan Africa,15.075,-2.221111,1,0.0,0,0,Armed Assault,Military,Mali,0,Firearms,0,0.0,0.0,-9
536,Afghanistan,South Asia,31.619314,65.050156,0,1.0,1,0,Armed Assault,Police,Afghanistan,0,Firearms,22,14.0,14.0,0
1113,Philippines,Southeast Asia,16.360271,120.677149,0,0.0,1,0,Facility/Infrastructure Attack,Business,Philippines,0,Firearms,0,0.0,0.0,0
2710,Afghanistan,South Asia,37.342958,69.565244,0,0.0,1,0,Unknown,Police,Afghanistan,0,Unknown,3,0.0,0.0,0
7737,Democratic Republic of the Congo,Sub-Saharan Africa,0.384969,29.420936,0,0.0,1,0,Hostage Taking (Kidnapping),Private Citizens & Property,Democratic Republic of the Congo,0,Melee,5,0.0,1.0,0
7113,Philippines,Southeast Asia,6.905985,124.496485,0,0.0,0,0,Bombing/Explosion,Unknown,Philippines,0,Explosives,0,0.0,0.0,0
9590,Iraq,Middle East & North Africa,35.870968,43.296768,0,0.0,1,1,Bombing/Explosion,Police,Iraq,0,Explosives,6,1.0,7.0,-9
535,Philippines,Southeast Asia,6.923432,125.082859,0,0.0,1,0,Facility/Infrastructure Attack,Business,Philippines,0,Firearms,0,0.0,0.0,0
2625,France,Western Europe,45.188529,5.724524,0,0.0,1,0,Facility/Infrastructure Attack,Government (General),France,0,Incendiary,0,0.0,0.0,-9
4428,Afghanistan,South Asia,32.252233,63.855853,0,0.0,1,1,Bombing/Explosion,Government (General),Afghanistan,0,Explosives,7,1.0,2.0,0
9052,Iraq,Middle East & North Africa,33.185299,44.26778,0,0.0,1,0,Bombing/Explosion,Private Citizens & Property,Iraq,0,Explosives,0,0.0,2.0,-9
3065,Iraq,Middle East & North Africa,33.09999,44.583139,0,0.0,1,0,Bombing/Explosion,Private Citizens & Property,Iraq,0,Explosives,1,0.0,4.0,-9
7431,Afghanistan,South Asia,35.016469,69.61431,0,0.0,1,0,Bombing/Explosion,Police,Afghanistan,0,Explosives,4,0.0,0.0,0
5167,Afghanistan,South Asia,33.542622,68.415329,0,0.0,1,0,Armed Assault,Government (General),Afghanistan,0,Firearms,1,0.0,0.0,-9
10568,Egypt,Middle East & North Africa,31.191767,34.040887,0,0.0,1,0,Armed Assault,Educational Institution,Egypt,0,Firearms,1,0.0,1.0,-9
9290,India,South Asia,18.388506,81.647659,0,0.0,0,0,Bombing/Explosion,Police,India,0,Explosives,0,0.0,0.0,-9
10700,Somalia,Sub-Saharan Africa,2.059819,45.326115,0,0.0,1,0,Bombing/Explosion,Military,International,0,Explosives,1,0.0,3.0,0
10421,Afghanistan,South Asia,34.229996,70.191786,0,0.0,1,0,Bombing/Explosion,Police,Afghanistan,0,Explosives,1,0.0,5.0,0
20,Sudan,Sub-Saharan Africa,12.959799,24.039829,1,0.0,1,0,Armed Assault,Private Citizens & Property,Sudan,0,Firearms,8,0.0,60.0,0
3565,India,South Asia,34.08374,74.789902,0,0.0,1,0,Bombing/Explosion,Police,India,0,Explosives,1,0.0,4.0,-9
463,Iraq,Middle East & North Africa,33.303566,44.371773,0,0.0,0,0,Armed Assault,Religious Figures/Institutions,Iraq,0,Firearms,0,0.0,0.0,-9
7384,Iraq,Middle East & North Africa,33.303566,44.371773,0,0.0,1,0,Bombing/Explosion,Private Citizens & Property,Iraq,0,Explosives,0,0.0,3.0,-9
6307,Nigeria,Sub-Saharan Africa,11.775833,13.0725,1,0.0,0,1,Bombing/Explosion,Military,Nigeria,0,Explosives,1,1.0,0.0,0
7224,Democratic Republic of the Congo,Sub-Saharan Africa,-2.711068,28.548316,1,0.0,1,0,Armed Assault,Military,Democratic Republic of the Congo,0,Firearms,2,2.0,3.0,0
4548,Iraq,Middle East & North Africa,36.354145,43.14357,1,0.0,1,0,Armed Assault,Police,Iraq,0,Firearms,7,0.0,0.0,0
2299,India,South Asia,24.383016,84.023169,0,1.0,1,0,Facility/Infrastructure Attack,Private Citizens & Property,India,0,Incendiary,0,0.0,0.0,0
5706,Afghanistan,South Asia,32.244333,61.770772,0,0.0,1,0,Unknown,Police,Afghanistan,0,Unknown,11,5.0,12.0,0
3926,Sweden,Western Europe,58.197704,12.235004,0,0.0,0,0,Armed Assault,Private Citizens & Property,Sweden,0,Firearms,0,0.0,0.0,-9
5825,Philippines,Southeast Asia,7.825203,123.437378,0,0.0,1,0,Assassination,Educational Institution,Philippines,0,Firearms,1,0.0,0.0,-9
9540,Iraq,Middle East & North Africa,32.559761,41.919647,0,0.0,0,1,Bombing/Explosion,Unknown,Iraq,0,Explosives,4,4.0,0.0,-9
5655,Nigeria,Sub-Saharan Africa,11.169598,13.792805,0,0.0,0,0,Bombing/Explosion,Unknown,Nigeria,0,Explosives,0,0.0,0.0,0
1947,India,South Asia,23.292125,76.893216,0,0.0,1,0,Bombing/Explosion,Transportation,India,-99,Explosives,0,0.0,10.0,1
145,India,South Asia,20.273183,80.307383,0,0.0,1,0,Unknown,Violent Political Party,India,0,Unknown,1,0.0,0.0,0
9151,Iraq,Middle East & North Africa,33.303566,44.371773,0,0.0,1,0,Bombing/Explosion,Unknown,Iraq,0,Explosives,0,0.0,0.0,-9
7141,Yemen,Middle East & North Africa,16.666667,49.5,1,0.0,1,0,Armed Assault,Military,Yemen,0,Firearms,1,0.0,0.0,-9
4442,Iraq,Middle East & North Africa,34.229914,44.981345,1,1.0,0,0,Unknown,Military,Iraq,0,Unknown,0,0.0,0.0,0
7658,Philippines,Southeast Asia,14.064876,121.123603,0,0.0,1,0,Armed Assault,Police,Philippines,0,Firearms,2,0.0,1.0,-9
8001,Afghanistan,South Asia,36.187978,69.335432,1,0.0,1,0,Armed Assault,Military,Afghanistan,0,Firearms,3,1.0,2.0,0
5415,Philippines,Southeast Asia,14.599352,120.984772,0,0.0,0,0,Assassination,Government (General),Philippines,0,Firearms,0,0.0,1.0,-9
6897,Iraq,Middle East & North Africa,33.185299,44.26778,0,0.0,0,0,Bombing/Explosion,Unknown,Iraq,0,Explosives,0,0.0,0.0,-9
7848,India,South Asia,23.815092,84.199699,0,0.0,0,0,Bombing/Explosion,Unknown,India,0,Explosives,0,0.0,0.0,-9
6954,Lebanon,Middle East & North Africa,34.434606,35.842489,0,0.0,0,0,Armed Assault,Religious Figures/Institutions,Lebanon,0,Explosives,0,0.0,0.0,1
5654,Nepal,South Asia,26.910397,87.927529,0,0.0,1,0,Bombing/Explosion,Government (General),Nepal,0,Explosives,0,0.0,0.0,-9
7359,Sudan,Sub-Saharan Africa,13.317001,24.86787,0,0.0,1,0,Armed Assault,Private Citizens & Property,Sudan,0,Firearms,1,0.0,0.0,-9
9284,Pakistan,South Asia,34.094713,71.609809,0,0.0,0,0,Bombing/Explosion,Unknown,Pakistan,4,Explosives,0,0.0,0.0,-9
10066,Yemen,Middle East & North Africa,14.002145,46.722083,1,0.0,0,0,Assassination,Military,International,0,Explosives,0,0.0,0.0,0
834,Iraq,Middle East & North Africa,32.887157,44.341637,0,0.0,1,0,Bombing/Explosion,Private Citizens & Property,Iraq,0,Explosives,0,0.0,0.0,-9
7020,Iraq,Middle East & North Africa,36.354145,43.14357,0,0.0,1,0,Armed Assault,Private Citizens & Property,Iraq,0,Firearms,2,0.0,3.0,0
8400,Philippines,Southeast Asia,7.153167,124.22117,0,0.0,0,0,Assassination,Private Citizens & Property,Philippines,0,Firearms,0,0.0,1.0,-9
7250,Sudan,Sub-Saharan Africa,15.089801,25.333418,0,0.0,1,0,Armed Assault,Business,Sudan,0,Firearms,1,0.0,0.0,-9
3759,Central African Republic,Sub-Saharan Africa,4.843416,22.982855,0,0.0,1,0,Armed Assault,Government (Diplomatic),International,0,Firearms,13,8.0,10.0,0
4332,Somalia,Sub-Saharan Africa,11.274796,49.179657,0,0.0,1,1,Bombing/Explosion,Police,Somalia,0,Explosives,6,1.0,6.0,0
10898,India,South Asia,24.798346,93.94043,0,0.0,0,0,Bombing/Explosion,Government (General),India,0,Explosives,0,0.0,0.0,-9
8010,Iraq,Middle East & North Africa,33.203358,44.586689,0,0.0,1,0,Bombing/Explosion,Private Citizens & Property,Iraq,0,Explosives,1,0.0,8.0,-9
3728,Philippines,Southeast Asia,16.983334,122.01667,1,0.0,0,0,Armed Assault,Military,Philippines,0,Firearms,0,0.0,0.0,0
9728,Philippines,Southeast Asia,8.226319,124.255961,1,0.0,0,0,Assassination,Government (General),Philippines,0,Firearms,0,0.0,1.0,-9
7698,Libya,Middle East & North Africa,32.094952,20.268871,1,0.0,0,0,Bombing/Explosion,Unknown,Libya,0,Explosives,0,0.0,0.0,-9
5525,Nigeria,Sub-Saharan Africa,11.840929,13.141459,0,1.0,1,1,Bombing/Explosion,Educational Institution,Nigeria,0,Explosives,2,1.0,2.0,0
2119,Philippines,Southeast Asia,6.966715,124.469906,0,0.0,0,0,Bombing/Explosion,Unknown,Philippines,0,Explosives,0,0.0,0.0,0
7763,Nigeria,Sub-Saharan Africa,11.831098,13.150967,0,0.0,1,0,Armed Assault,Private Citizens & Property,Nigeria,0,Firearms,4,0.0,0.0,0
4631,Iraq,Middle East & North Africa,33.19392,44.408577,1,0.0,1,0,Bombing/Explosion,Military,Iraq,0,Explosives,0,0.0,3.0,-9
1039,United States,North America,42.993611,-71.486401,0,0.0,1,0,Facility/Infrastructure Attack,Business,United States,0,Incendiary,0,0.0,0.0,0
1697,Afghanistan,South Asia,36.209722,65.363333,1,0.0,0,0,Unknown,Military,Afghanistan,0,Unknown,1,1.0,2.0,0
6019,India,South Asia,33.756936,75.118788,0,0.0,0,0,Armed Assault,Police,India,0,Firearms,0,0.0,0.0,-9
6552,Chile,South America,-38.667513,-72.224409,0,0.0,1,0,Facility/Infrastructure Attack,Religious Figures/Institutions,Chile,0,Incendiary,0,0.0,0.0,0
3455,Nigeria,Sub-Saharan Africa,11.840929,13.141459,0,1.0,1,1,Bombing/Explosion,Terrorists/Non-State Militia,Nigeria,0,Explosives,2,1.0,1.0,0
10225,Philippines,Southeast Asia,6.876083,124.478043,0,0.0,1,0,Armed Assault,Military,Philippines,0,Explosives,2,0.0,7.0,0
756,Pakistan,South Asia,34.702778,71.171111,1,0.0,1,0,Armed Assault,Military,Pakistan,0,Explosives,0,0.0,1.0,-9
6165,Democratic Republic of the Congo,Sub-Saharan Africa,1.401819,28.577414,0,0.0,1,0,Armed Assault,Police,Democratic Republic of the Congo,0,Firearms,6,0.0,0.0,0
1649,Philippines,Southeast Asia,7.946025,125.244473,0,0.0,1,0,Bombing/Explosion,Utilities,Philippines,0,Explosives,0,0.0,0.0,0
3313,Iraq,Middle East & North Africa,36.354145,43.14357,0,0.0,0,0,Bombing/Explosion,Unknown,Iraq,0,Explosives,0,0.0,0.0,-9
9628,India,South Asia,27.291143,95.669443,0,0.0,1,0,Facility/Infrastructure Attack,Private Citizens & Property,India,0,Incendiary,0,0.0,0.0,0
6358,Syria,Middle East & North Africa,34.384521,37.993464,1,0.0,1,0,Unknown,Military,Syria,0,Unknown,21,0.0,0.0,0
8449,Syria,Middle East & North Africa,35.951523,39.009563,0,0.0,1,0,Armed Assault,Terrorists/Non-State Militia,Syria,0,Firearms,2,0.0,0.0,0
5898,Iraq,Middle East & North Africa,36.354145,43.14357,0,0.0,0,1,Bombing/Explosion,Unknown,Iraq,0,Explosives,17,17.0,0.0,0
9383,Philippines,Southeast Asia,8.135462,125.137908,0,0.0,1,0,Facility/Infrastructure Attack,Business,Philippines,0,Firearms,0,0.0,0.0,0
7798,Nigeria,Sub-Saharan Africa,4.739894,6.365157,1,0.0,1,0,Armed Assault,Police,Nigeria,0,Firearms,1,0.0,3.0,-9
3529,Pakistan,South Asia,29.855375,67.339928,0,1.0,1,0,Bombing/Explosion,Utilities,Pakistan,0,Explosives,0,0.0,0.0,-9
10816,Turkey,Middle East & North Africa,36.995567,35.302888,0,0.0,1,0,Bombing/Explosion,Police,Turkey,0,Explosives,0,0.0,0.0,-9
1396,Egypt,Middle East & North Africa,31.126646,33.800865,0,0.0,1,0,Bombing/Explosion,Police,Egypt,0,Explosives,0,0.0,0.0,0
7812,Iraq,Middle East & North Africa,33.303566,44.371773,1,0.0,1,0,Bombing/Explosion,Military,Iraq,0,Explosives,0,0.0,1.0,-9
7560,Myanmar,Southeast Asia,20.821983,92.366651,0,1.0,0,0,Unknown,Police,Myanmar,0,Unknown,0,0.0,0.0,-9
9765,Nigeria,Sub-Saharan Africa,6.11916,6.792799,0,0.0,0,0,Bombing/Explosion,Unknown,Nigeria,0,Explosives,0,0.0,0.0,-9
2596,Sudan,Sub-Saharan Africa,12.964951,24.352243,0,0.0,1,0,Armed Assault,Private Citizens & Property,Sudan,0,Firearms,1,0.0,0.0,-9
391,Somalia,Sub-Saharan Africa,2.71581,44.511845,0,1.0,1,0,Bombing/Explosion,Police,Somalia,0,Explosives,0,0.0,1.0,0
1228,India,South Asia,23.04413,84.537946,0,0.0,1,0,Facility/Infrastructure Attack,Business,India,0,Incendiary,0,0.0,0.0,0
8025,United Kingdom,Western Europe,54.862163,-5.844744,0,0.0,1,0,Facility/Infrastructure Attack,Private Citizens & Property,Northern Ireland,0,Incendiary,0,0.0,0.0,-9
7919,Cameroon,Sub-Saharan Africa,5.710666,9.304102,1,0.0,1,0,Unknown,Military,Cameroon,0,Unknown,3,0.0,0.0,0
1082,Iraq,Middle East & North Africa,33.349159,43.784199,0,0.0,1,0,Bombing/Explosion,Private Citizens & Property,Iraq,0,Explosives,1,0.0,2.0,-9
8766,Iraq,Middle East & North Africa,33.303566,44.371773,1,0.0,1,0,Bombing/Explosion,Military,Iraq,0,Explosives,1,0.0,2.0,-9
2373,Afghanistan,South Asia,31.825871,64.576431,0,0.0,1,1,Bombing/Explosion,Government (General),Afghanistan,0,Explosives,7,1.0,7.0,0
9718,Nigeria,Sub-Saharan Africa,11.577275,13.387003,0,1.0,1,1,Bombing/Explosion,Private Citizens & Property,Nigeria,0,Explosives,5,1.0,6.0,0
1154,Nigeria,Sub-Saharan Africa,7.586111,6.266667,0,1.0,1,0,Armed Assault,Police,Nigeria,0,Firearms,3,0.0,0.0,-9
8183,Iraq,Middle East & North Africa,34.372222,41.9875,0,1.0,0,0,Bombing/Explosion,Unknown,Iraq,0,Explosives,0,0.0,0.0,-9
8451,India,South Asia,27.471401,95.830873,0,0.0,1,0,Hostage Taking (Kidnapping),Business,India,0,Firearms,0,0.0,0.0,0
105,Ethiopia,Sub-Saharan Africa,11.592294,37.3826,0,0.0,1,0,Bombing/Explosion,Business,Ethiopia,0,Explosives,0,0.0,0.0,-9
3701,Egypt,Middle East & North Africa,31.126646,33.800865,0,0.0,1,0,Armed Assault,Private Citizens & Property,Egypt,0,Firearms,1,0.0,0.0,0
3971,Iraq,Middle East & North Africa,33.303566,44.371773,1,0.0,0,1,Bombing/Explosion,Military,Iraq,0,Explosives,1,1.0,0.0,-9
7230,Egypt,Middle East & North Africa,31.126646,33.800865,0,0.0,1,0,Armed Assault,Police,Egypt,0,Firearms,0,0.0,1.0,0
1525,United Kingdom,Western Europe,55.046331,-7.278963,0,0.0,1,0,Bombing/Explosion,Police,Northern Ireland,1,Explosives,0,0.0,0.0,1
5256,Iraq,Middle East & North Africa,35.375638,43.79545,0,0.0,1,0,Unknown,Private Citizens & Property,Iraq,0,Unknown,4,0.0,0.0,0
5219,Angola,Sub-Saharan Africa,-7.188454,20.204416,0,0.0,1,0,Unknown,Government (General),Angola,0,Unknown,1,0.0,0.0,-9
9341,United Kingdom,Western Europe,51.064201,-0.332419,0,0.0,1,0,Facility/Infrastructure Attack,Religious Figures/Institutions,Great Britain,0,Incendiary,0,0.0,0.0,-9
1531,Afghanistan,South Asia,36.117778,68.711944,0,0.0,1,0,Armed Assault,Police,Afghanistan,0,Firearms,2,0.0,0.0,0
1019,Libya,Middle East & North Africa,32.069286,20.151144,0,0.0,1,0,Bombing/Explosion,Unknown,Libya,0,Explosives,0,0.0,1.0,-9
8438,Philippines,Southeast Asia,13.105475,123.698382,0,1.0,0,0,Armed Assault,Police,Philippines,0,Firearms,0,0.0,0.0,0
4575,Nigeria,Sub-Saharan Africa,11.64816,13.243356,0,0.0,1,0,Hostage Taking (Kidnapping),Private Citizens & Property,Nigeria,0,Melee,5,0.0,0.0,0
10893,India,South Asia,25.180162,93.015788,0,0.0,1,0,Hostage Taking (Kidnapping),Government (General),India,0,Firearms,0,0.0,0.0,0
1122,Iraq,Middle East & North Africa,33.460819,44.157433,0,0.0,1,0,Bombing/Explosion,Private Citizens & Property,Iraq,0,Explosives,1,0.0,2.0,-9
2704,India,South Asia,19.175813,83.41065,0,0.0,1,0,Hostage Taking (Barricade Incident),Transportation,India,0,Explosives,0,0.0,0.0,0
5022,Kenya,Sub-Saharan Africa,-1.782983,40.81548,0,0.0,0,0,Bombing/Explosion,Military,Kenya,0,Explosives,0,0.0,0.0,1
5718,India,South Asia,29.582129,78.12651,0,0.0,1,0,Armed Assault,Police,India,0,Melee,1,0.0,0.0,-9
5047,India,South Asia,24.798346,93.94043,0,0.0,0,0,Bombing/Explosion,Business,India,0,Explosives,0,0.0,0.0,-9
8761,Philippines,Southeast Asia,7.238841,125.142067,0,0.0,1,0,Hostage Taking (Kidnapping),Private Citizens & Property,Philippines,0,Firearms,1,0.0,0.0,0
8223,Iraq,Middle East & North Africa,33.303566,44.371773,0,0.0,1,0,Bombing/Explosion,Business,Iraq,0,Explosives,0,0.0,0.0,-9
1736,Philippines,Southeast Asia,8.381583,126.002471,0,0.0,1,0,Facility/Infrastructure Attack,Business,Philippines,0,Firearms,0,0.0,0.0,0
10317,Nepal,South Asia,27.749209,85.310971,0,0.0,0,0,Bombing/Explosion,Unknown,Nepal,0,Explosives,0,0.0,0.0,-9
8206,Philippines,Southeast Asia,7.793,124.192,1,0.0,1,0,Armed Assault,Military,Philippines,0,Explosives,0,0.0,0.0,0
5864,Iraq,Middle East & North Africa,35.595943,43.24268,0,1.0,1,0,Unknown,Military,Iraq,0,Unknown,2,1.0,0.0,0
1964,Nepal,South Asia,26.617262,86.701389,0,0.0,1,0,Facility/Infrastructure Attack,Government (General),Nepal,0,Incendiary,0,0.0,0.0,0
10244,Nepal,South Asia,28.703241,80.585625,0,0.0,0,0,Bombing/Explosion,Unknown,Nepal,0,Explosives,0,0.0,0.0,-9
7796,Somalia,Sub-Saharan Africa,2.059819,45.326115,0,0.0,0,0,Assassination,Government (General),Somalia,0,Firearms,0,0.0,2.0,0
2040,Philippines,Southeast Asia,5.933405,121.033258,0,0.0,1,0,Hostage Taking (Kidnapping),Educational Institution,Philippines,0,Firearms,0,0.0,0.0,0
9863,Afghanistan,South Asia,34.516895,69.147011,0,0.0,0,0,Bombing/Explosion,Private Citizens & Property,Afghanistan,0,Explosives,0,0.0,0.0,-9
1586,Afghanistan,South Asia,34.070499,70.699944,1,0.0,0,0,Armed Assault,Military,Afghanistan,0,Firearms,1,1.0,0.0,0
3156,Nigeria,Sub-Saharan Africa,4.912666,7.589737,0,0.0,1,0,Armed Assault,Government (General),Nigeria,0,Firearms,2,0.0,0.0,-9
6752,Somalia,Sub-Saharan Africa,2.059819,45.326115,0,0.0,1,0,Bombing/Explosion,Military,Somalia,0,Explosives,0,0.0,5.0,-9
7486,India,South Asia,23.756364,85.669173,0,0.0,1,0,Hostage Taking (Kidnapping),Private Citizens & Property,India,0,Firearms,1,0.0,0.0,-9
6815,Myanmar,Southeast Asia,20.821928,92.367502,0,0.0,1,0,Hostage Taking (Kidnapping),Private Citizens & Property,Myanmar,0,Firearms,7,0.0,2.0,0
7256,Iraq,Middle East & North Africa,36.376823,42.448875,1,0.0,0,1,Bombing/Explosion,Military,Iraq,0,Explosives,16,16.0,0.0,0
8398,Pakistan,South Asia,33.859184,69.946548,1,0.0,1,0,Bombing/Explosion,Military,Pakistan,0,Explosives,0,0.0,4.0,0
3484,Somalia,Sub-Saharan Africa,2.059819,45.326115,0,0.0,1,0,Assassination,Government (General),Somalia,0,Firearms,1,0.0,0.0,0
4799,Iraq,Middle East & North Africa,33.633896,42.832081,0,0.0,1,1,Bombing/Explosion,Private Citizens & Property,Iraq,0,Explosives,8,1.0,2.0,-9
3723,Afghanistan,South Asia,31.631083,65.742226,0,0.0,1,0,Armed Assault,Police,Afghanistan,0,Firearms,2,0.0,0.0,-9
9122,Iraq,Middle East & North Africa,33.31065,44.038208,0,0.0,1,0,Bombing/Explosion,Private Citizens & Property,Iraq,0,Explosives,0,0.0,2.0,-9
6657,Kosovo,Eastern Europe,42.899396,20.868111,0,0.0,1,0,Facility/Infrastructure Attack,Private Citizens & Property,Kosovo,0,Incendiary,0,0.0,0.0,-9
6689,Afghanistan,South Asia,36.917126,66.196493,1,0.0,1,0,Unknown,Military,Afghanistan,0,Unknown,13,12.0,10.0,0
855,Nigeria,Sub-Saharan Africa,11.255011,14.150642,0,0.0,1,1,Bombing/Explosion,Private Citizens & Property,Nigeria,0,Explosives,1,1.0,0.0,0
5966,Greece,Western Europe,37.99749,23.762728,0,0.0,1,0,Facility/Infrastructure Attack,Police,Greece,0,Incendiary,0,0.0,0.0,-9
9087,Kenya,Sub-Saharan Africa,-1.759261,40.594711,0,0.0,1,0,Armed Assault,Private Citizens & Property,Kenya,0,Firearms,0,0.0,5.0,1
5460,Pakistan,South Asia,33.897995,70.107536,0,1.0,1,0,Bombing/Explosion,Private Citizens & Property,Pakistan,0,Explosives,39,0.0,141.0,0
8657,Mozambique,Sub-Saharan Africa,-11.353599,40.35224,0,1.0,1,0,Armed Assault,Police,Mozambique,10,Firearms,5,4.0,1.0,0
6330,Iraq,Middle East & North Africa,34.902587,43.808922,0,0.0,1,0,Bombing/Explosion,Police,Iraq,0,Explosives,0,0.0,0.0,0
3879,Nigeria,Sub-Saharan Africa,5.92305,6.48853,0,0.0,1,0,Armed Assault,Private Citizens & Property,Nigeria,0,Firearms,5,0.0,0.0,-9
4352,Syria,Middle East & North Africa,33.446476,36.334499,0,0.0,1,1,Bombing/Explosion,Military,Syria,0,Explosives,3,2.0,1.0,0
1453,Somalia,Sub-Saharan Africa,2.059819,45.326115,0,0.0,1,0,Assassination,Government (General),Somalia,0,Firearms,1,0.0,0.0,0
2880,Mali,Sub-Saharan Africa,18.045723,0.602653,0,0.0,1,0,Unknown,Terrorists/Non-State Militia,Mali,0,Unknown,3,0.0,7.0,-9
2526,Philippines,Southeast Asia,7.316422,126.125427,0,0.0,1,0,Facility/Infrastructure Attack,Business,Philippines,0,Incendiary,0,0.0,0.0,0
5046,India,South Asia,33.931011,75.114212,0,0.0,1,0,Bombing/Explosion,Police,India,0,Explosives,0,0.0,2.0,1
7727,India,South Asia,18.798895,80.524669,0,0.0,0,0,Bombing/Explosion,Police,India,0,Explosives,0,0.0,0.0,-9
2471,Russia,Eastern Europe,43.662722,45.320578,1,0.0,1,1,Armed Assault,Military,Russia,0,Firearms,12,6.0,3.0,0
6154,South Sudan,Sub-Saharan Africa,6.798333,33.130278,0,1.0,0,0,Armed Assault,NGO,South Sudan,0,Firearms,0,0.0,0.0,-9
8924,Libya,Middle East & North Africa,31.754255,14.007956,0,0.0,0,0,Bombing/Explosion,Unknown,Libya,2,Explosives,0,0.0,0.0,-9
1870,Pakistan,South Asia,34.217285,71.561043,0,0.0,1,0,Assassination,Private Citizens & Property,Pakistan,0,Firearms,1,0.0,1.0,0
5775,Somalia,Sub-Saharan Africa,2.059819,45.326115,0,0.0,1,0,Bombing/Explosion,Private Citizens & Property,Somalia,1,Explosives,2,0.0,4.0,0
6246,Philippines,Southeast Asia,13.907845,122.183119,1,0.0,1,0,Bombing/Explosion,Military,Philippines,0,Explosives,0,0.0,0.0,0
4924,Afghanistan,South Asia,35.845912,64.918892,1,0.0,1,0,Bombing/Explosion,Police,Afghanistan,0,Explosives,0,0.0,2.0,0
8758,India,South Asia,33.709425,74.081529,1,0.0,1,0,Bombing/Explosion,Military,India,0,Explosives,0,0.0,1.0,-9
2092,Iraq,Middle East & North Africa,33.303566,44.371773,0,0.0,1,0,Bombing/Explosion,Private Citizens & Property,Iraq,0,Explosives,0,0.0,2.0,-9
4668,Iraq,Middle East & North Africa,33.750459,44.633333,0,0.0,1,0,Bombing/Explosion,Private Citizens & Property,Iraq,0,Explosives,2,0.0,6.0,-9
6084,Philippines,Southeast Asia,12.072652,123.970902,0,1.0,1,0,Bombing/Explosion,Police,Philippines,0,Explosives,0,0.0,0.0,0
7948,Yemen,Middle East & North Africa,15.731798,44.519237,1,1.0,0,0,Unknown,Military,Yemen,0,Unknown,0,0.0,0.0,0
3019,Afghanistan,South Asia,34.516895,69.147011,0,0.0,1,0,Armed Assault,Police,Afghanistan,0,Firearms,1,0.0,0.0,-9
833,Iraq,Middle East & North Africa,36.354145,43.14357,0,1.0,1,0,Bombing/Explosion,Private Citizens & Property,Iraq,0,Explosives,1,0.0,4.0,0
1135,Thailand,Southeast Asia,6.822825,101.38284,0,0.0,1,0,Assassination,Government (General),Thailand,0,Firearms,1,0.0,0.0,0
5850,Turkey,Middle East & North Africa,37.985293,44.045207,1,0.0,1,0,Bombing/Explosion,Military,Turkey,0,Explosives,1,0.0,1.0,0
9711,Philippines,Southeast Asia,11.935426,123.951802,0,0.0,1,0,Armed Assault,Police,Philippines,0,Firearms,1,0.0,0.0,0
5608,Nepal,South Asia,27.206095,87.010365,0,0.0,0,0,Assassination,Violent Political Party,Nepal,0,Explosives,0,0.0,0.0,-9
9160,Sudan,Sub-Saharan Africa,11.08947,24.679864,0,0.0,1,0,Armed Assault,Private Citizens & Property,Sudan,0,Firearms,3,0.0,3.0,-9
3175,Iraq,Middle East & North Africa,36.354145,43.14357,0,0.0,1,0,Bombing/Explosion,Private Citizens & Property,Iraq,0,Explosives,0,0.0,7.0,0
2846,Afghanistan,South Asia,31.320556,65.961111,1,0.0,0,0,Unknown,Military,Afghanistan,0,Unknown,3,3.0,2.0,0
10121,Iraq,Middle East & North Africa,35.738613,42.673346,1,0.0,0,1,Bombing/Explosion,Military,Iraq,0,Explosives,1,1.0,0.0,0
9155,Philippines,Southeast Asia,7.825203,123.437378,1,0.0,1,0,Armed Assault,Military,Philippines,0,Firearms,1,0.0,0.0,0
6360,Myanmar,Southeast Asia,23.301871,97.962011,0,0.0,1,0,Hostage Taking (Kidnapping),Private Citizens & Property,Myanmar,0,Firearms,0,0.0,1.0,0
1277,India,South Asia,19.281255,73.048291,0,0.0,1,0,Assassination,Government (General),India,0,Firearms,1,0.0,0.0,-9
5693,India,South Asia,27.024762,88.355703,0,0.0,1,0,Facility/Infrastructure Attack,Police,India,0,Incendiary,0,0.0,0.0,0
3339,Iraq,Middle East & North Africa,36.354145,43.14357,0,1.0,0,0,Bombing/Explosion,Unknown,Iraq,0,Explosives,0,0.0,0.0,-9
5229,West Bank and Gaza Strip,Middle East & North Africa,31.646119,35.132209,0,0.0,1,0,Armed Assault,Private Citizens & Property,Israel,1,Melee,0,0.0,1.0,0
673,Nigeria,Sub-Saharan Africa,11.840929,13.141459,0,1.0,1,1,Bombing/Explosion,Religious Figures/Institutions,Nigeria,0,Explosives,2,1.0,2.0,-9
4464,Yemen,Middle East & North Africa,13.586484,44.024105,0,0.0,1,0,Bombing/Explosion,Journalists & Media,Yemen,0,Explosives,2,0.0,2.0,0
1960,India,South Asia,19.596543,81.67261,0,0.0,0,0,Bombing/Explosion,Unknown,India,0,Explosives,0,0.0,0.0,-9
7479,United Kingdom,Western Europe,51.504387,-0.140041,0,0.0,1,0,Armed Assault,Police,Great Britain,1,Melee,0,0.0,3.0,-9
474,Yemen,Middle East & North Africa,13.413117,43.637531,0,0.0,1,0,Bombing/Explosion,Private Citizens & Property,Yemen,0,Explosives,6,0.0,14.0,0
3164,Nigeria,Sub-Saharan Africa,11.054507,12.721461,1,0.0,1,0,Armed Assault,Military,Nigeria,0,Explosives,9,0.0,5.0,0
5320,Germany,Western Europe,52.50153,13.401851,0,1.0,1,0,Facility/Infrastructure Attack,Transportation,Germany,0,Incendiary,0,0.0,0.0,-9
7814,Iraq,Middle East & North Africa,33.057991,44.354839,0,0.0,1,0,Bombing/Explosion,Private Citizens & Property,Iraq,0,Explosives,0,0.0,5.0,-9
667,Pakistan,South Asia,34.079964,71.196915,0,0.0,1,0,Bombing/Explosion,Private Citizens & Property,Pakistan,0,Explosives,0,0.0,0.0,-9
2160,Pakistan,South Asia,28.869226,68.334419,0,0.0,1,0,Bombing/Explosion,Unknown,Pakistan,0,Explosives,0,0.0,0.0,-9
9924,Afghanistan,South Asia,32.37001,62.128456,0,0.0,1,0,Assassination,Government (General),Afghanistan,0,Firearms,1,0.0,0.0,-9
4081,Iraq,Middle East & North Africa,33.540672,44.251266,0,0.0,1,0,Bombing/Explosion,Private Citizens & Property,Iraq,0,Explosives,0,0.0,3.0,0
5934,Afghanistan,South Asia,31.646818,62.832474,0,0.0,1,0,Unknown,Police,Afghanistan,0,Unknown,3,0.0,0.0,0
5524,Nepal,South Asia,26.663701,87.637301,0,0.0,0,0,Assassination,Violent Political Party,Nepal,0,Explosives,0,0.0,0.0,-9
3725,Pakistan,South Asia,33.693501,70.404305,0,0.0,1,0,Bombing/Explosion,Private Citizens & Property,Pakistan,0,Explosives,1,0.0,0.0,-9
6227,Somalia,Sub-Saharan Africa,3.038562,43.798388,0,0.0,1,0,Hostage Taking (Kidnapping),NGO,Somalia,0,Firearms,0,0.0,0.0,0
8395,India,South Asia,34.407706,74.395019,0,1.0,0,0,Armed Assault,Military,India,0,Firearms,0,0.0,0.0,1
8442,Afghanistan,South Asia,32.37001,62.128456,0,0.0,1,0,Unknown,Police,Afghanistan,0,Unknown,5,0.0,2.0,0
8034,Iraq,Middle East & North Africa,33.303566,44.371773,0,0.0,0,0,Bombing/Explosion,Government (General),Iraq,1,Explosives,0,0.0,0.0,-9
308,Libya,Middle East & North Africa,32.867867,13.189067,0,1.0,0,0,Unknown,Government (General),Libya,0,Unknown,0,0.0,0.0,-9
2438,Syria,Middle East & North Africa,35.361572,35.927155,0,1.0,1,0,Bombing/Explosion,Private Citizens & Property,Syria,0,Explosives,0,0.0,0.0,-9
1653,India,South Asia,24.798346,93.94043,0,0.0,0,0,Assassination,Journalists & Media,India,0,Explosives,0,0.0,0.0,-9
10541,Afghanistan,South Asia,32.127054,66.07225,0,0.0,1,0,Bombing/Explosion,Private Citizens & Property,Afghanistan,0,Explosives,0,0.0,6.0,-9
9719,Nigeria,Sub-Saharan Africa,10.806272,13.536654,0,1.0,1,0,Armed Assault,Private Citizens & Property,Nigeria,0,Firearms,1,0.0,0.0,0
6299,Philippines,Southeast Asia,8.964295,126.11108,0,0.0,1,0,Facility/Infrastructure Attack,Business,Philippines,0,Incendiary,0,0.0,0.0,0
5557,Iraq,Middle East & North Africa,36.354145,43.14357,0,0.0,0,0,Bombing/Explosion,Unknown,Iraq,0,Explosives,0,0.0,0.0,-9
3345,Iraq,Middle East & North Africa,36.354145,43.14357,0,1.0,0,0,Bombing/Explosion,Unknown,Iraq,0,Explosives,0,0.0,0.0,-9
4616,Somalia,Sub-Saharan Africa,2.059819,45.326115,0,0.0,1,0,Assassination,Government (General),Somalia,0,Firearms,1,0.0,0.0,0
10017,Iraq,Middle East & North Africa,33.403057,43.911865,0,0.0,1,0,Bombing/Explosion,Unknown,Iraq,0,Explosives,1,0.0,2.0,-9
7946,Yemen,Middle East & North Africa,15.584342,44.518664,1,1.0,0,0,Unknown,Military,Yemen,0,Unknown,0,0.0,0.0,0
1092,Iraq,Middle East & North Africa,36.354145,43.14357,0,1.0,1,0,Bombing/Explosion,Business,Iraq,0,Explosives,0,0.0,4.0,0
655,India,South Asia,19.188507,73.04171,0,0.0,0,0,Facility/Infrastructure Attack,Transportation,India,0,Sabotage Equipment,0,0.0,0.0,-9
3719,Somalia,Sub-Saharan Africa,2.059819,45.326115,0,0.0,0,0,Assassination,Government (General),Somalia,0,Explosives,0,0.0,1.0,-9
154,Pakistan,South Asia,30.200819,66.994354,0,0.0,1,0,Armed Assault,Private Citizens & Property,Pakistan,0,Firearms,0,0.0,5.0,0
